mtllib materials.mtl
v 0.5412364 0.08098316 -0.8284204
v 0.5550648 0.08466244 -0.8172163
v 0.5654845 0.08311093 -0.8265498
v 0.5513809 0.07964993 -0.8374772
v -0.6860006 0.02243817 0.7054918
v -0.6950638 0.07273614 0.7001603
v -0.6817272 0.07914364 0.7110753
v -0.6721723 0.02611744 0.716696
v 0.5183076 0.208232 -0.8419083
v 0.532136 0.2119113 -0.8307043
v -0.6951013 0.1533667 0.7032077
v -0.7089295 0.1496872 0.6920035
v 0.5337192 0.1227018 -0.8328425
v 0.5477902 0.1250345 -0.8214957
v 0.5589318 0.123597 -0.8309157
v 0.5446096 0.1214867 -0.8419887
v -0.7161529 0.1487468 0.7083216
v -0.7016165 0.07190239 0.7163155
v -0.7025995 0.1525079 0.7198305
v -0.6885784 0.07838798 0.7275412
v 0.5509343 -0.04049063 -0.8134196
v 0.5650141 -0.03818679 -0.8021615
v 0.5580735 0.02277422 -0.8021317
v 0.5438278 0.02183425 -0.8134615
v -0.6690333 -0.1079792 0.7261226
v -0.6794076 -0.02267897 0.7216413
v -0.6955967 -0.02808154 0.7477651
v -0.6856766 -0.1134508 0.7519529
v -0.6549537 -0.1056753 0.7373807
v 0.5352607 0.08838308 -0.8201902
v 0.5493405 0.09068704 -0.8089321
v -0.6706271 0.02319884 0.7306104
v -0.6847069 0.02089477 0.719352
v 0.5721241 0.0880903 -0.8295611
v -0.6647837 -0.02484739 0.7331343
v 0.5574358 0.08636284 -0.8401234
v 0.5636598 0.01951754 -0.8337721
v 0.5784628 0.01987505 -0.8231453
v -0.6816928 -0.03040838 0.7600906
v -0.6722932 -0.1113015 0.7640588
v 0.5689558 -0.1701289 -0.7984841
v 0.5829506 -0.1681398 -0.7870611
v 0.5903972 -0.1663816 -0.7973051
v 0.5761075 -0.1683636 -0.8083581
v -0.6686941 -0.2310683 0.7284307
v -0.672698 -0.1929895 0.7267051
v -0.6581945 -0.1958399 0.7383471
v -0.6546994 -0.2290792 0.7398536
v 0.5553752 -0.04097319 -0.8043373
v 0.56937 -0.03898382 -0.7929144
v -0.6682801 -0.0999229 0.7340004
v -0.6822748 -0.1019124 0.7225773
v 0.562582 -0.1171781 -0.7987442
v -0.6635177 -0.1452144 0.736053
v 0.5767205 -0.1165557 -0.7872593
v -0.6778414 -0.1440754 0.7244883
v 0.5846943 -0.1147408 -0.7980009
v 0.5702734 -0.1153555 -0.8091294
v -0.6890372 -0.1029714 0.7337346
v -0.6845059 -0.145136 0.7353623
v -0.6753958 -0.1010474 0.7455878
v -0.6705285 -0.1463405 0.7473366
v 0.9305153 0.07139838 -0.5366589
v 0.916885 0.07451212 -0.5482701
v 0.9098915 0.07625961 -0.5361818
v 0.9237374 0.07292259 -0.5248924
v -0.3371527 0.03937948 0.9823525
v -0.3300982 0.09262109 0.9894388
v -0.3166154 0.08654475 1.000363
v -0.3233068 0.03604221 0.9936416
v -0.3063777 0.1638085 1.010647
v -0.3202237 0.1671458 0.9993575
v 0.9268203 0.2040259 -0.5191766
v 0.9406662 0.2006885 -0.5078872
v 0.9292874 0.1148107 -0.5193173
v 0.9152625 0.1167958 -0.5307866
v 0.9221908 0.1151466 -0.5436013
v 0.935998 0.1133885 -0.5318344
v -0.331063 0.08579957 1.010127
v -0.3208455 0.1629709 1.021103
v -0.3349334 0.1663948 1.010144
v -0.3447888 0.0919596 0.9995573
v 0.9090314 0.01367986 -0.5231112
v 0.894998 0.01426876 -0.534726
v 0.894074 -0.04682922 -0.5402576
v 0.9080138 -0.04878545 -0.528762
v -0.3677644 -0.09997916 1.005738
v -0.3622911 -0.01439929 1.012807
v -0.3401149 -0.009263515 0.9914629
v -0.3459698 -0.09478533 0.9840086
v -0.3599096 -0.09282923 0.9725132
v -0.3371237 0.03442335 0.9952705
v -0.3510639 0.03637981 0.9837749
v 0.90292 0.08237958 -0.528996
v 0.9168597 0.08042312 -0.5175003
v 0.9184216 0.07935464 -0.55549
v -0.3543615 -0.01179123 0.9795763
v 0.9318017 0.07798564 -0.5432674
v 0.9248285 0.01099861 -0.5466582
v 0.9113725 0.01099551 -0.5589513
v -0.3772021 -0.01707244 1.0018
v -0.3823888 -0.09816527 0.9951019
v 0.8988717 -0.1771957 -0.5496902
v 0.8850919 -0.1755651 -0.561427
v 0.8766197 -0.1771947 -0.5519903
v 0.8907007 -0.1788378 -0.5406184
v -0.36141 -0.2162168 0.9753339
v -0.3594758 -0.1829039 0.9777527
v -0.3451137 -0.1796966 0.9894767
v -0.3473289 -0.2178596 0.986706
v -0.3398149 -0.08841789 0.996104
v -0.3538959 -0.08677459 0.9847322
v 0.8841338 -0.04775298 -0.5425923
v 0.8982149 -0.04939616 -0.5312203
v 0.8918544 -0.1257594 -0.5355351
v 0.8776938 -0.1254861 -0.5470064
v -0.3565309 -0.1321664 0.9814365
v -0.3422677 -0.1306742 0.993036
v 0.8865435 -0.1238098 -0.5570626
v 0.9004136 -0.1240702 -0.5452416
v -0.3515234 -0.1316258 1.001823
v -0.3493269 -0.08936679 1.005045
v -0.3637556 -0.0877825 0.9941094
v -0.3661149 -0.1331772 0.9906485
v 0.7840148 -0.1782306 -0.644545
v 0.7840345 -0.1600568 -0.6446602
v 0.7772099 -0.1621512 -0.6325305
v 0.7772501 -0.1803222 -0.6328584
v -0.4639127 -0.1923786 0.8909938
v -0.4219097 -0.1929034 0.9252007
v -0.4240306 -0.2110473 0.9231129
v -0.4638728 -0.2105496 0.8906658
v -0.3630761 -0.211809 0.9727538
v -0.3631159 -0.1936378 0.9730818
v 0.8780065 -0.1634104 -0.5504426
v 0.8780464 -0.1815814 -0.5507706
v 0.8102962 -0.180735 -0.6059458
v 0.8091894 -0.1625507 -0.6064867
v 0.8163371 -0.1599294 -0.6190157
v 0.817395 -0.1780988 -0.6180449
v -0.4356401 -0.2064875 0.9353216
v -0.3750336 -0.2076889 0.9853783
v -0.3752556 -0.1895299 0.9860828
v -0.4337134 -0.1883711 0.9378011
v 0.7233386 -0.1807045 -0.6615379
v 0.7212037 -0.162665 -0.6630235
v 0.6756109 -0.1691138 -0.7035712
v 0.6766869 -0.1872456 -0.7029592
v -0.5961202 -0.2084515 0.8347123
v -0.5298932 -0.2021357 0.8892827
v -0.5065371 -0.2044067 0.8687141
v -0.572763 -0.2101806 0.8140824
v -0.5738391 -0.1920489 0.8134704
v -0.4727071 -0.2014575 0.8966215
v -0.473783 -0.1833254 0.8960097
v 0.775667 -0.1603905 -0.6210322
v 0.7767427 -0.1785222 -0.6204203
v 0.7913347 -0.1557907 -0.6472
v -0.5110852 -0.1865777 0.8652375
v 0.7923031 -0.1738596 -0.6455058
v 0.7382857 -0.1781366 -0.6856457
v 0.7362448 -0.160205 -0.6881912
v -0.5352269 -0.1843892 0.8865883
v -0.5979819 -0.1903739 0.8348796
v 0.5808226 -0.1894757 -0.7913663
v 0.579668 -0.1713682 -0.7924062
v 0.5705084 -0.1712561 -0.7834859
v 0.5719454 -0.1893611 -0.7828257
v -0.6711193 -0.2142222 0.7408087
v -0.6453104 -0.2114046 0.7619107
v -0.6401157 -0.2290989 0.7656436
v -0.6696821 -0.2323273 0.7414689
v -0.5693985 -0.221378 0.8234646
v -0.5708354 -0.2032729 0.8228047
v 0.670792 -0.1603068 -0.7014904
v 0.6722289 -0.178412 -0.7008303
v 0.6116234 -0.1841992 -0.7475625
v 0.6091251 -0.1662101 -0.7490903
v -0.6060021 -0.2071124 0.7940509
v -0.6021361 -0.2249525 0.7966969
v 0.6187496 -0.1662055 -0.7585573
v 0.6209769 -0.1841956 -0.7566643
v -0.6109155 -0.22372 0.805927
v -0.5783645 -0.2200496 0.8329079
v -0.5801898 -0.2019695 0.8326514
v -0.6151564 -0.2059124 0.8036683
v 0.8725643 0.02616775 -0.5045694
v 0.8478582 0.02441812 -0.47316
v 0.8665451 0.1881555 -0.4468526
v 0.8912511 0.189905 -0.4782621
v 0.52706 0.01684427 -0.7768557
v 0.4995755 0.1811346 -0.785709
v 0.4748694 0.1793851 -0.7542996
v 0.502354 0.01509464 -0.7454463
v 0.8659095 -0.141349 -0.5287389
v 0.8416064 -0.1459579 -0.4973044
v 0.840398 0.0234642 -0.4721237
v 0.864701 0.02807319 -0.503558
v 0.5657023 -0.1519468 -0.7648011
v 0.5176297 0.01561439 -0.7737179
v 0.4933267 0.0110054 -0.7422835
v 0.5413993 -0.1565558 -0.7333668
v -0.2986023 -0.1897879 0.9061351
v -0.3252409 -0.1931399 0.9357855
v -0.3279147 -0.02284312 0.9539862
v -0.3012761 -0.0194912 0.924336
v -0.590093 -0.2094139 0.6516485
v -0.6100208 -0.04430974 0.6508324
v -0.6366594 -0.04766166 0.6804826
v -0.6167318 -0.2127659 0.681299
v -0.2942145 -0.02551055 0.9210651
v -0.3212454 -0.02600658 0.9505455
v -0.3041826 0.1386634 0.9716127
v -0.2771516 0.1391593 0.9421325
v -0.6031538 -0.03930199 0.6514289
v -0.6294488 0.1244886 0.6339254
v -0.6564798 0.1239924 0.6634057
v -0.6301848 -0.03979802 0.6809092
v 0.387631 -0.09218037 -0.6348017
v 0.4191438 -0.08434331 -0.6081982
v 0.3693507 0.2144939 -0.6372502
v 0.3378379 0.2066568 -0.6638538
v 0.3338909 -0.09486914 -0.5703528
v 0.2840978 0.2039679 -0.5994048
v 0.3156106 0.211805 -0.5728012
v 0.3654037 -0.08703208 -0.5437492
v 0.3430071 0.1303416 -0.6509449
v 0.3451984 0.1225914 -0.6463543
v 0.3309681 0.123817 -0.6273232
v 0.3282731 0.1317441 -0.6313028
v 0.3426874 0.1137928 -0.6448644
v 0.3294018 0.1146861 -0.6269794
v 0.3364331 0.1073062 -0.6470445
v 0.3241725 0.1078395 -0.6304027
v 0.3288246 0.1056098 -0.6520619
v 0.3172775 0.1058922 -0.6362857
v 0.3227679 0.109351 -0.6580001
v 0.3113506 0.1095879 -0.6423812
v 0.3205766 0.1171013 -0.6625909
v 0.3086555 0.1175151 -0.6463609
v 0.3230877 0.1259 -0.6640807
v 0.3102218 0.1266459 -0.6467047
v 0.3293419 0.1323864 -0.6619006
v 0.3154511 0.1334926 -0.6432813
v 0.3369505 0.1340829 -0.6568832
v 0.3223461 0.1354399 -0.6373984
v 0.35232 0.05271053 -0.7097586
v 0.3433885 0.0547868 -0.7111217
v 0.3349484 0.05447638 -0.7072991
v 0.3302237 0.05189812 -0.6997514
v 0.3310192 0.04803669 -0.6913608
v 0.3370307 0.04436696 -0.6853328
v 0.3459624 0.04229069 -0.6839697
v 0.3544024 0.04260099 -0.6877924
v 0.3591271 0.04517937 -0.6953404
v 0.3583317 0.04904091 -0.7037306
v 0.3421578 0.1215473 -0.677971
v 0.3502833 0.122888 -0.6737142
v 0.3351236 0.115598 -0.6790038
v 0.3318675 0.1073122 -0.6764181
v 0.3336333 0.09985507 -0.6712012
v 0.3397465 0.09607482 -0.6653461
v 0.347872 0.09741533 -0.6610893
v 0.3549062 0.1033648 -0.6600566
v 0.3581622 0.1116506 -0.6626424
v 0.3563964 0.1191077 -0.6678591
v 0.3484813 0.1045164 -0.6937193
v 0.3570903 0.1052425 -0.6903578
v 0.3406402 0.09959245 -0.6932578
v 0.3365619 0.09235144 -0.6891494
v 0.3378043 0.08555937 -0.6829633
v 0.3438928 0.08181047 -0.6770625
v 0.3525018 0.0825367 -0.673701
v 0.360343 0.08746064 -0.6741629
v 0.3644213 0.09470153 -0.6782713
v 0.3631788 0.1014935 -0.6844571
v 0.3482037 0.08177078 -0.7039518
v 0.3571305 0.08159423 -0.7014576
v 0.3397709 0.07852685 -0.7018764
v 0.3350533 0.07310152 -0.6960239
v 0.3358528 0.06756723 -0.6886296
v 0.3418641 0.06403756 -0.6825182
v 0.350791 0.06386101 -0.6800239
v 0.3592238 0.06710494 -0.6820995
v 0.3639414 0.07253027 -0.6879522
v 0.3631418 0.07806468 -0.695346
v 0.3288212 0.13381 -0.6365759
v 0.3333049 0.1263798 -0.6333154
v 0.3163778 0.1272192 -0.6166133
v 0.3113602 0.1345472 -0.6192715
v 0.3336444 0.1171188 -0.6335622
v 0.3177191 0.1181502 -0.6179897
v 0.3297102 0.1095645 -0.6372221
v 0.3148715 0.110804 -0.6228749
v 0.3230048 0.1066022 -0.642897
v 0.3089229 0.1079865 -0.6294031
v 0.3160897 0.1093636 -0.6484196
v 0.3021452 0.1107742 -0.6350807
v 0.3116061 0.1167938 -0.6516802
v 0.2971275 0.1181021 -0.6377391
v 0.3112665 0.1260548 -0.6514333
v 0.2957862 0.1271712 -0.6363627
v 0.3152008 0.1336091 -0.6477735
v 0.2986338 0.1345174 -0.6314775
v 0.3219061 0.1365714 -0.6420985
v 0.3045825 0.1373348 -0.6249492
v 0.2629611 0.05625951 -0.5852195
v 0.2714683 0.05258167 -0.5850124
v 0.2783742 0.04935396 -0.5902879
v 0.2810414 0.04780948 -0.5990311
v 0.2784507 0.04853797 -0.6079024
v 0.2715916 0.05126119 -0.6135132
v 0.2630843 0.05493891 -0.6137205
v 0.2561783 0.0581665 -0.6084449
v 0.2535114 0.05971122 -0.5997016
v 0.2561021 0.05898261 -0.5908306
v 0.2899427 0.1281879 -0.6079674
v 0.2846704 0.1256481 -0.6151572
v 0.2828432 0.1187209 -0.6210408
v 0.285159 0.110052 -0.6233705
v 0.2907335 0.1029526 -0.6212569
v 0.2974373 0.1001347 -0.615507
v 0.3027096 0.1026742 -0.6083171
v 0.3045368 0.1096016 -0.6024336
v 0.3022209 0.1182705 -0.6001037
v 0.2966465 0.1253699 -0.6022174
v 0.2747639 0.1116966 -0.5964628
v 0.2703001 0.1096957 -0.6043376
v 0.2698222 0.1036674 -0.6113642
v 0.2735131 0.09591448 -0.6148589
v 0.2799628 0.08939826 -0.6134866
v 0.2867078 0.08660769 -0.6077715
v 0.2911716 0.08860862 -0.5998968
v 0.2916492 0.09463692 -0.5928701
v 0.2879584 0.1023899 -0.5893755
v 0.2815089 0.108906 -0.5907478
v 0.2643108 0.08828318 -0.5914631
v 0.2606432 0.08713055 -0.5998988
v 0.261647 0.0826807 -0.6079694
v 0.2669392 0.07663381 -0.6125921
v 0.2744982 0.07129943 -0.6120013
v 0.2814366 0.06871498 -0.6064227
v 0.2851042 0.06986773 -0.5979869
v 0.2841001 0.07431734 -0.5899162
v 0.278808 0.08036447 -0.5852935
v 0.2712494 0.08569896 -0.5858843
v 0.2885721 -0.00672102 -0.6594759
v 0.2846918 0.0006513596 -0.6635419
v 0.2722681 0.001540661 -0.6432674
v 0.2756886 -0.005671144 -0.6385524
v 0.2852453 0.009858131 -0.6644768
v 0.273684 0.01044607 -0.6454196
v 0.2900211 0.01738214 -0.6619233
v 0.2793953 0.01764345 -0.6441867
v 0.2971951 0.0203501 -0.6568569
v 0.2872207 0.02038372 -0.6400399
v 0.3040271 0.01762772 -0.6512128
v 0.2941711 0.01762009 -0.6345628
v 0.3079075 0.01025522 -0.6471468
v 0.2975916 0.01040816 -0.6298478
v 0.3073539 0.001048565 -0.646212
v 0.2961757 0.001502872 -0.6276956
v 0.3025781 -0.006475449 -0.6487654
v 0.2904644 -0.005694509 -0.6289284
v 0.295404 -0.009443402 -0.6538318
v 0.282639 -0.008434772 -0.6330755
v 0.2569019 0.07659757 -0.5884538
v 0.2549163 0.07986724 -0.5968982
v 0.2586098 0.08246601 -0.6049942
v 0.266572 0.08340096 -0.6096497
v 0.2757615 0.08231521 -0.609086
v 0.2826681 0.07962346 -0.6035185
v 0.2846539 0.07635391 -0.5950741
v 0.2809602 0.07375515 -0.5869781
v 0.272998 0.07282007 -0.5823228
v 0.2638087 0.07390594 -0.5828865
v 0.2698433 0.002319455 -0.6155543
v 0.2781464 0.004714131 -0.6121978
v 0.2845785 0.01138997 -0.6121573
v 0.2866828 0.01979733 -0.6154484
v 0.2836555 0.0267247 -0.620814
v 0.2766529 0.029526 -0.6262047
v 0.2683498 0.02713144 -0.6295612
v 0.2619177 0.02045548 -0.6296016
v 0.2598134 0.01204824 -0.6263106
v 0.2628407 0.005120754 -0.6209451
v 0.2628086 0.02012575 -0.5991786
v 0.2715708 0.02190673 -0.5967307
v 0.2787693 0.02755857 -0.5982068
v 0.2816545 0.0349226 -0.6030431
v 0.2791243 0.04118574 -0.6093924
v 0.2721452 0.0439558 -0.6148294
v 0.2633829 0.04217482 -0.6172773
v 0.2561843 0.03652287 -0.6158011
v 0.2532992 0.02915895 -0.6109648
v 0.2558293 0.02289581 -0.6046156
v 0.2613161 0.04425311 -0.5892746
v 0.2704067 0.04511929 -0.5876772
v 0.2782163 0.04906857 -0.5907358
v 0.2817619 0.05459237 -0.5972824
v 0.2796891 0.0595808 -0.6048164
v 0.2727898 0.06212866 -0.61046
v 0.2636991 0.06126249 -0.6120576
v 0.2558895 0.05731332 -0.6089988
v 0.2523439 0.0517894 -0.6024522
v 0.2544167 0.04680073 -0.5949185
v 0.2994622 -0.004728794 -0.6767149
v 0.2948242 0.003145814 -0.6782709
v 0.2795039 0.003647208 -0.6600713
v 0.283655 -0.004346371 -0.6578772
v 0.2943187 0.01212335 -0.6760149
v 0.2799118 0.0128479 -0.659012
v 0.2981389 0.01877487 -0.6708087
v 0.284723 0.01974154 -0.6551038
v 0.3048256 0.02055967 -0.6646405
v 0.2920998 0.02169478 -0.6498398
v 0.3118249 0.01679599 -0.6598669
v 0.2992243 0.01796174 -0.6452303
v 0.3164631 0.008921385 -0.6583109
v 0.3033754 0.009968162 -0.6430362
v 0.3169686 -5.626678E-05 -0.6605669
v 0.3029675 0.0007674694 -0.6440955
v 0.3131483 -0.006707788 -0.6657732
v 0.2981563 -0.006126165 -0.6480037
v 0.3064615 -0.00849247 -0.6719412
v 0.2907795 -0.00807941 -0.6532677
v 0.3578266 0.06903934 -0.7036264
v 0.361101 0.06732428 -0.6951247
v 0.3593199 0.06824887 -0.686074
v 0.3531636 0.07145965 -0.6799315
v 0.3449833 0.07573032 -0.6790433
v 0.3379039 0.07942975 -0.6837486
v 0.3346296 0.08114457 -0.6922505
v 0.3364109 0.0802201 -0.7013011
v 0.3425673 0.0770092 -0.7074437
v 0.3507473 0.07273853 -0.7083319
v 0.3263166 0.002608538 -0.6825001
v 0.3202668 0.001112461 -0.6893632
v 0.3291759 0.008824706 -0.676245
v 0.3277526 0.01738632 -0.6729871
v 0.3225901 0.02502334 -0.6739708
v 0.3156605 0.02881861 -0.6788205
v 0.3096107 0.02732241 -0.6856837
v 0.3067515 0.02110636 -0.6919389
v 0.3081748 0.01254475 -0.6951967
v 0.3133372 0.004907727 -0.6942129
v 0.3409131 0.01843071 -0.6932079
v 0.33565 0.01747537 -0.7007794
v 0.3424594 0.02374434 -0.6857705
v 0.3396983 0.03138673 -0.6813079
v 0.3336842 0.03843844 -0.6815249
v 0.3267145 0.04220617 -0.6863384
v 0.3214513 0.04125059 -0.69391
v 0.3199052 0.03593695 -0.7013476
v 0.3226663 0.02829468 -0.7058101
v 0.3286802 0.0212431 -0.705593
v 0.35189 0.04057109 -0.6965921
v 0.3474362 0.04045343 -0.7047217
v 0.3519305 0.04432583 -0.6881161
v 0.3475419 0.05028319 -0.6825311
v 0.3404003 0.05616784 -0.6819706
v 0.333234 0.05973196 -0.6866486
v 0.3287801 0.05961418 -0.6947782
v 0.3287398 0.05585957 -0.7032543
v 0.3331285 0.04990208 -0.7088392
v 0.3402697 0.04401743 -0.7093996
v 0.3190984 0.1060193 -0.6492702
v 0.3158688 0.1339865 -0.6515028
v 0.3098854 0.1328784 -0.6562723
v 0.313115 0.1049113 -0.6540396
v 0.3010031 0.1058439 -0.6334629
v 0.2950197 0.104736 -0.6382324
v 0.2917902 0.1327031 -0.6404649
v 0.2977735 0.133811 -0.6356956
v 0.3226172 0.09264553 -0.6440618
v 0.3280943 0.09570146 -0.6395407
v 0.305351 0.1446233 -0.6283194
v 0.2990438 0.1468449 -0.6322
v 0.3160385 0.1469817 -0.6490202
v 0.3223456 0.14476 -0.6451395
v 0.3115635 0.1467654 -0.6244553
v 0.3291764 0.1468242 -0.6407361
v 0.3083569 0.153643 -0.6259358
v 0.3259699 0.1537019 -0.6422166
v 0.3196895 0.1452678 -0.6191337
v 0.3370388 0.1453836 -0.6356517
v 0.3180838 0.15283 -0.6190305
v 0.3354331 0.1529456 -0.6355485
v 0.3047396 0.09129596 -0.6281496
v 0.3102167 0.09435177 -0.6236286
v 0.3321083 0.0855422 -0.6371617
v 0.3164106 0.08442891 -0.619458
v 0.3199419 0.09104419 -0.6175749
v 0.3356395 0.09215736 -0.6352787
v 0.3458555 0.08388364 -0.6230854
v 0.3468597 0.09143221 -0.6244229
v 0.3288993 0.08538294 -0.6063057
v 0.3299035 0.09293139 -0.6076434
v -0.4871199 -0.1328093 0.4415002
v -0.4556843 -0.1262027 0.4685256
v -0.4882029 0.1742965 0.4328914
v -0.5196385 0.1676897 0.4058657
v -0.5420347 -0.1312232 0.5049882
v -0.5745534 0.1692759 0.4693539
v -0.5431178 0.1758825 0.4963794
v -0.5105991 -0.1246166 0.5320139
v -0.5331799 0.09601557 0.4343514
v -0.5291753 0.08841467 0.4378345
v -0.5463159 0.09052563 0.4542034
v -0.5508697 0.09806609 0.4513144
v -0.5293492 0.07914603 0.4377701
v -0.5454594 0.08137047 0.4530244
v -0.533635 0.07174993 0.4341824
v -0.5486276 0.07409728 0.4482279
v -0.5403961 0.06905138 0.4284422
v -0.5546104 0.07148433 0.4416459
v -0.5470494 0.07208121 0.4227419
v -0.5611224 0.07452977 0.4357927
v -0.551054 0.07968211 0.4192588
v -0.5656763 0.08207023 0.4329035
v -0.5508802 0.08895075 0.4193232
v -0.5665329 0.0912255 0.4340825
v -0.5465943 0.09634686 0.4229109
v -0.5633645 0.09849858 0.438879
v -0.5398333 0.0990454 0.4286511
v -0.5573817 0.1011115 0.445461
v -0.6041472 0.02328098 0.4859505
v -0.5958636 0.01914155 0.4863839
v -0.5890583 0.01543093 0.4812987
v -0.5863304 0.01356637 0.4726369
v -0.5887223 0.01425993 0.4637072
v -0.5953203 0.01724684 0.4579206
v -0.6036043 0.02138615 0.4574869
v -0.6104096 0.02509677 0.4625721
v -0.6131371 0.02696157 0.4712338
v -0.6107452 0.02626777 0.4801633
v -0.5728015 0.09313226 0.4623411
v -0.578082 0.09074581 0.4551048
v -0.5801909 0.08381438 0.4493213
v -0.5783228 0.0749855 0.4471996
v -0.5731908 0.06763148 0.4495502
v -0.5667554 0.06456137 0.4554749
v -0.5614749 0.0669477 0.4627111
v -0.559366 0.07387924 0.4684947
v -0.5612342 0.08270812 0.4706163
v -0.5663661 0.09006214 0.468266
v -0.5890745 0.07774186 0.4738753
v -0.5935059 0.07583475 0.4659591
v -0.5941978 0.06970298 0.4590406
v -0.5908856 0.0616889 0.4557626
v -0.5848346 0.05485356 0.4573767
v -0.5783559 0.05180788 0.4632671
v -0.5739244 0.05371511 0.4711831
v -0.5732328 0.05984688 0.4781017
v -0.5765449 0.06786096 0.4813797
v -0.5825958 0.07469618 0.4797657
v -0.6009035 0.0550493 0.4791255
v -0.6044831 0.05393338 0.4706473
v -0.6035897 0.04927444 0.4626825
v -0.5985641 0.04285192 0.4582736
v -0.5913261 0.03711915 0.4591048
v -0.5846405 0.03426576 0.4648583
v -0.5810609 0.03538167 0.4733367
v -0.5819547 0.04004061 0.4813015
v -0.5869802 0.04646313 0.4857104
v -0.5942178 0.05219591 0.4848793
v -0.5808104 -0.04249525 0.413388
v -0.5842019 -0.03500164 0.409112
v -0.5969059 -0.0330193 0.4291339
v -0.5939757 -0.0403142 0.434047
v -0.5831192 -0.02586043 0.4080129
v -0.5949579 -0.02425098 0.4268394
v -0.5779756 -0.01856327 0.4105103
v -0.5888759 -0.01735842 0.4280403
v -0.5707358 -0.01589739 0.4156508
v -0.5809827 -0.01497424 0.4322777
v -0.5641654 -0.01888132 0.4214704
v -0.5742934 -0.01800919 0.4379332
v -0.5607737 -0.02637494 0.4257464
v -0.5713631 -0.02530408 0.4428465
v -0.5618566 -0.03551614 0.4268456
v -0.5733111 -0.0340724 0.4451411
v -0.5670002 -0.0428133 0.4243481
v -0.5793931 -0.04096496 0.4439402
v -0.5742399 -0.04547918 0.4192076
v -0.5872864 -0.04334915 0.4397027
v -0.6090045 0.04385519 0.4822199
v -0.6106579 0.04706061 0.4736798
v -0.6066853 0.04928815 0.4656053
v -0.5986038 0.04968655 0.4610803
v -0.5895005 0.04810405 0.4618335
v -0.5828525 0.04514503 0.4675772
v -0.5811988 0.04193974 0.4761174
v -0.5851716 0.03971231 0.4841919
v -0.593253 0.03931367 0.4887168
v -0.6023562 0.0408963 0.4879634
v -0.5997633 -0.03155327 0.4567778
v -0.5913987 -0.02955651 0.4602406
v -0.5846056 -0.02324831 0.4602726
v -0.5819784 -0.01503825 0.4568617
v -0.5845208 -0.008062243 0.4513106
v -0.5912616 -0.004984975 0.4457397
v -0.5996261 -0.006981611 0.442277
v -0.6064192 -0.01328993 0.442245
v -0.6090463 -0.02149999 0.4456558
v -0.606504 -0.02847612 0.4512069
v -0.6060754 -0.01306045 0.4726801
v -0.5972711 -0.01171982 0.4752545
v -0.5897436 -0.006506681 0.4738042
v -0.5863684 0.0005877018 0.4688828
v -0.5884346 0.006853461 0.4623702
v -0.595153 0.009897351 0.456754
v -0.6039573 0.008556724 0.4541795
v -0.6114848 0.003343463 0.4556301
v -0.6148599 -0.00375092 0.4605515
v -0.6127938 -0.01001668 0.4670639
v -0.6063896 0.01130581 0.4820948
v -0.5972939 0.01169789 0.4838426
v -0.5892241 0.01514578 0.4808538
v -0.5852628 0.02033246 0.4742699
v -0.5869229 0.02527654 0.4666057
v -0.5935705 0.02809 0.4607885
v -0.6026663 0.0276978 0.4590406
v -0.610736 0.02425003 0.4620297
v -0.6146975 0.01906335 0.4686136
v -0.6130372 0.01411903 0.4762776
v -0.5695287 -0.04145539 0.3963177
v -0.5736922 -0.03336835 0.3945272
v -0.5892736 -0.03165388 0.4124291
v -0.585614 -0.03982008 0.4148505
v -0.5737346 -0.02433324 0.3966026
v -0.5883709 -0.02247071 0.4133208
v -0.5696397 -0.01780128 0.401751
v -0.5832508 -0.01577795 0.4171851
v -0.5629716 -0.0162673 0.4080062
v -0.5758687 -0.01413214 0.4225461
v -0.5562772 -0.02031744 0.4129786
v -0.5690447 -0.01816189 0.427356
v -0.5521137 -0.02840459 0.4147689
v -0.565385 -0.02632809 0.4297774
v -0.5520712 -0.0374397 0.4126935
v -0.5662876 -0.03551126 0.4288857
v -0.5561662 -0.04397166 0.4075451
v -0.5714079 -0.04220402 0.4250214
v -0.5628343 -0.04550552 0.4012902
v -0.5787898 -0.04384983 0.4196603
v -0.5066789 0.02840769 0.3690889
v -0.5036532 0.02668393 0.3776805
v -0.5055366 0.02788663 0.3866777
v -0.5116094 0.03155625 0.3926437
v -0.5195526 0.03629112 0.3933001
v -0.5263318 0.04028285 0.3883955
v -0.5293576 0.04200649 0.3798039
v -0.527474 0.04080391 0.3708069
v -0.521401 0.03713429 0.3648407
v -0.5134581 0.0323993 0.3641846
v -0.5422103 -0.03573656 0.3908896
v -0.5482144 -0.03703165 0.3839457
v -0.5391172 -0.02956498 0.3970771
v -0.5401164 -0.02087414 0.4001451
v -0.5448266 -0.01298368 0.3989215
v -0.5514486 -0.008907437 0.3938739
v -0.5574527 -0.01020241 0.38693
v -0.5605457 -0.01637411 0.3807425
v -0.5595464 -0.02506495 0.3776746
v -0.5548363 -0.03295541 0.3788981
v -0.52657 -0.02096593 0.3801537
v -0.5317461 -0.02177894 0.3725061
v -0.5248584 -0.01559865 0.387516
v -0.5272653 -0.007727265 0.3917811
v -0.5328716 -0.0003584623 0.3913195
v -0.5395358 0.003693223 0.3863077
v -0.5447121 0.002880096 0.37866
v -0.5464234 -0.002487302 0.3712976
v -0.5440164 -0.01035857 0.3670328
v -0.5384102 -0.01772738 0.3674943
v -0.5143168 0.000459075 0.3765523
v -0.5186288 0.0004262924 0.3683457
v -0.5142137 0.004374504 0.3849547
v -0.5183588 0.01067662 0.3903437
v -0.5251694 0.01695848 0.3906608
v -0.5320433 0.02082062 0.3857849
v -0.5363554 0.0207876 0.3775783
v -0.5364584 0.01687241 0.3691759
v -0.5323131 0.01057017 0.3637869
v -0.525503 0.004288316 0.3634698
v -0.5189631 0.09147871 0.4203146
v -0.5172879 0.0837121 0.425091
v -0.5317551 0.08610559 0.4438305
v -0.5339339 0.09408903 0.439652
v -0.5203116 0.07509792 0.4267013
v -0.5338345 0.07708442 0.4443188
v -0.5268795 0.06892622 0.42453
v -0.5393778 0.07047141 0.4409301
v -0.534483 0.06755447 0.4194067
v -0.5462677 0.06879246 0.4349594
v -0.5402174 0.07150674 0.4132879
v -0.5518726 0.07268882 0.4286866
v -0.5418926 0.07927322 0.4085112
v -0.5540515 0.08067226 0.4245081
v -0.5388689 0.08788753 0.4069009
v -0.5519722 0.08969343 0.4240198
v -0.5323009 0.09405923 0.4090724
v -0.5464287 0.09630644 0.4274085
v -0.5246975 0.09543097 0.4141958
v -0.5395387 0.09798539 0.4333792
v -0.5129819 0.01229036 0.3631673
v -0.5217586 0.01483142 0.3616009
v -0.5302677 0.01506627 0.3652725
v -0.5352591 0.01290548 0.3727798
v -0.534826 0.009174347 0.3812554
v -0.529134 0.005297899 0.3874617
v -0.5203573 0.002756953 0.3890281
v -0.5118481 0.002521992 0.3853562
v -0.5068568 0.004682779 0.3778489
v -0.5072898 0.00841403 0.3693736
v -0.5198338 0.08220673 0.3934493
v -0.511721 0.08317924 0.3978288
v -0.5271703 0.07663727 0.3924005
v -0.5309281 0.06859839 0.3950827
v -0.5296721 0.06116045 0.4004719
v -0.523882 0.05716455 0.4065092
v -0.5157692 0.05813706 0.4108887
v -0.5084327 0.06370652 0.4119375
v -0.5046749 0.0717454 0.4092553
v -0.5059309 0.07918334 0.4038663
v -0.5141991 0.06453967 0.3781464
v -0.5056226 0.06485391 0.3816514
v -0.5223099 0.06006861 0.378557
v -0.5268567 0.05314863 0.3827264
v -0.5261028 0.04642308 0.3890622
v -0.5203363 0.0424608 0.3951442
v -0.5117596 0.04277527 0.3986492
v -0.5036489 0.04724634 0.3982384
v -0.4991021 0.0541662 0.394069
v -0.499856 0.06089163 0.3877335
v -0.5155692 0.04164457 0.3683443
v -0.5067106 0.04102278 0.3710055
v -0.5242046 0.03891563 0.3703256
v -0.5293185 0.03387856 0.3761921
v -0.5289574 0.02845728 0.3837037
v -0.5232594 0.02472234 0.3899906
v -0.5144007 0.02410066 0.3926518
v -0.5057653 0.02682948 0.3906705
v -0.5006515 0.03186667 0.3848038
v -0.5010126 0.03728795 0.3772926
v -0.5442178 0.06855881 0.4220107
v -0.5458417 0.09661186 0.4191883
v -0.5517941 0.09574246 0.4143312
v -0.5501703 0.06768942 0.4171538
v -0.5625658 0.06970382 0.4374826
v -0.5685183 0.06883442 0.4326258
v -0.570142 0.09688747 0.4298034
v -0.5641896 0.09775674 0.4346602
v -0.5415421 0.05511713 0.427536
v -0.535982 0.05795419 0.4320984
v -0.5561492 0.1082772 0.4419677
v -0.5622543 0.1107674 0.4379303
v -0.5449897 0.1096246 0.4214263
v -0.5388846 0.1071345 0.4254639
v -0.5498947 0.110148 0.4459043
v -0.5320265 0.1089041 0.4299524
v -0.5526861 0.1171621 0.4442346
v -0.5348179 0.115918 0.4282827
v -0.5419583 0.1083086 0.4514019
v -0.5243461 0.1071312 0.4352071
v -0.5431409 0.1159488 0.4513321
v -0.5255286 0.1147714 0.435137
v -0.5597401 0.05507994 0.4431391
v -0.55418 0.057917 0.4477015
v -0.5325834 0.04763746 0.4347434
v -0.5486231 0.04775107 0.452173
v -0.5447611 0.05419648 0.4539948
v -0.5287213 0.05408287 0.4365652
v -0.519196 0.0455004 0.4490993
v -0.517749 0.05295324 0.4476373
v -0.5363302 0.04827332 0.4655325
v -0.5348831 0.05572617 0.4640706
vn 0.06764184 -0.971309 0.2279989
vn -0.6244567 -0.02978755 0.7804912
vn 0.176374 -0.97884 0.1037521
vn -0.1763835 0.9788375 -0.1037599
vn -0.760889 -0.2024505 -0.6164915
vn 0.7608892 0.2024495 0.6164916
vn 0.6244512 0.0297894 -0.7804956
vn 0.6591547 0.1905007 0.7274783
vn -0.02222137 0.9856737 -0.1671937
vn -0.6554947 -0.1902348 -0.7308471
vn 0.6103624 0.01338078 -0.7920094
vn -0.8965952 -0.2067077 -0.391649
vn -0.2250925 0.9731815 -0.04744628
vn 0.8938764 0.2068441 0.3977444
vn 0.3644642 -0.9253156 0.1046758
vn -0.6400429 -0.0412635 0.7672305
vn 0.617009 0.07022295 -0.7838168
vn -0.8264591 -0.1261442 -0.5486831
vn 0.1205632 -0.9913386 0.05207994
vn -0.1205733 0.9913369 -0.05208822
vn -0.7787251 -0.08921089 -0.62099
vn 0.7788023 0.08836614 0.6210141
vn 0.6725529 0.1588602 0.7227974
vn 0.7739729 0.1267229 0.6204091
vn 0.7701091 0.1608414 0.6173023
vn -0.7685456 -0.1615306 -0.6190684
vn -0.7747222 -0.1267661 -0.6194642
vn -0.02891116 0.9890646 -0.1446213
vn -0.715278 -0.1608418 -0.680079
vn -0.02907854 -0.9948339 0.09726263
vn 0.5843911 -0.02232135 -0.8111652
vn 0.720474 0.1309975 0.680997
vn -0.6692978 -0.1317958 -0.7312116
vn -0.6207004 -0.03434192 0.7832954
vn -0.009591147 0.9804508 0.1965305
vn 0.8239686 0.1260368 0.5524405
vn 0.2148707 -0.9743506 -0.06686948
vn -0.6666324 -0.04095142 0.7442609
vn 0.174424 -0.9836089 -0.04571505
vn -0.6293777 -0.03098681 0.7764816
vn 0.1044625 -0.9935093 0.04502162
vn -0.1044748 0.9935075 -0.04503183
vn -0.771392 -0.09594492 -0.6290857
vn 0.7699277 0.1094483 0.628675
vn 0.6312438 0.003026815 -0.7755787
vn -0.7686279 -0.118824 -0.6285634
vn -0.7700438 -0.1094538 -0.628532
vn 0.794086 0.09699492 0.6000163
vn -0.1120419 0.9898565 0.08735394
vn -0.794532 -0.09737552 -0.5993639
vn 0.6072567 0.0558361 -0.7925413
vn -0.8437509 -0.1117269 -0.5249777
vn -0.6293776 -0.03099199 0.7764814
vn -0.1453844 0.9893554 0.006274149
vn 0.8405284 0.1116005 0.5301484
vn -0.0004767522 -0.9951366 -0.09850364
vn -0.6520718 -0.04084523 0.7570561
vn -0.2293979 -0.9733322 0.001058146
vn -0.6345264 -0.01876588 0.7726733
vn -0.1302248 -0.9828172 -0.1308119
vn 0.130231 0.9828157 0.1308172
vn 0.7618493 -0.1836225 0.6211831
vn -0.7618494 0.1836218 -0.6211832
vn 0.6345287 0.01876583 -0.7726715
vn -0.8493475 0.1735255 -0.4984956
vn 0.1604201 0.9864892 -0.03323244
vn 0.8518866 -0.1733276 0.4942133
vn 0.6488321 0.002710074 -0.7609268
vn 0.5699025 -0.1856741 0.80046
vn 0.08522438 0.9780356 0.1902186
vn -0.5753071 0.1858488 -0.7965438
vn -0.1703703 -0.9334323 -0.3157184
vn -0.618239 -0.02984822 0.7854233
vn 0.6389967 0.05936396 -0.7669154
vn 0.7084405 -0.1061287 0.6977455
vn -0.06804281 -0.9939146 -0.08662559
vn 0.06805453 0.9939129 0.08663522
vn 0.7690414 -0.07000291 0.6353542
vn -0.7690742 0.06915805 -0.635407
vn -0.8472854 0.1416156 -0.5119105
vn -0.7677872 0.1076131 -0.631603
vn -0.7642183 0.141819 -0.6291724
vn 0.7656289 -0.142536 0.6272925
vn 0.7670176 -0.1076439 0.6325321
vn 0.1396879 0.989949 -0.02209835
vn 0.8143216 -0.1428061 0.5625715
vn -0.08133525 -0.9942846 0.06915792
vn 0.6732172 -0.03234842 -0.7387369
vn -0.8160575 0.1128509 -0.5668465
vn 0.8546336 -0.1145988 0.5064274
vn -0.6380064 -0.02340598 0.7696753
vn -0.1980262 0.9797484 0.0296422
vn -0.7116005 0.1060637 -0.6945324
vn 0.02874073 -0.9785909 -0.2037987
vn -0.5902864 -0.0288752 0.8066773
vn 0.01645894 -0.9870332 -0.1596702
vn -0.6295745 -0.0198413 0.7766867
vn -0.05779599 -0.9957078 -0.07228855
vn 0.0578094 0.9957063 0.07229931
vn 0.7755019 -0.07686912 0.6266482
vn -0.7749041 0.09040259 -0.6255806
vn 0.6285269 -0.008155989 -0.7777451
vn 0.7746003 -0.09980579 0.6245264
vn 0.7747881 -0.09040575 0.6257237
vn -0.7517521 0.07752125 -0.6548735
vn -0.07012974 0.9917699 0.1071189
vn 0.7512074 -0.07789437 0.655454
vn 0.6496574 0.04522511 -0.7588807
vn 0.688697 -0.09141602 0.7192633
vn -0.629573 -0.01984482 0.7766879
vn 0.01608546 0.9922752 0.1230093
vn -0.6930994 0.09134458 -0.7150311
vn 0.1043082 -0.9945447 0.0007532614
vn -0.6058084 -0.0291338 0.795077
vn -0.8687341 0.002406863 -0.4952728
vn -0.6315161 -0.01538443 0.7752101
vn -0.7753594 0.00968953 -0.6314459
vn 0.7753593 -0.009697802 0.6314459
vn 0.002202492 -0.9998348 -0.01804295
vn -0.002203022 0.9998348 0.01804249
vn 0.6315165 0.01538158 -0.7752099
vn -0.1013101 0.9861678 0.1311843
vn 0.8565823 0.07224902 0.5109274
vn 0.1043907 -0.9853299 -0.1350096
vn 0.6217738 -0.005640477 -0.7831766
vn -0.1650538 -0.9693165 0.1821618
vn 0.7261283 -0.01430533 0.6874105
vn 0.1609602 0.970934 -0.1771416
vn -0.68615 0.1658124 -0.708311
vn -0.6368003 -0.03767131 0.7701079
vn 0.6629505 0.01544416 -0.748504
vn 0.005769701 -0.9946524 0.1031181
vn -0.7696618 -0.06710688 -0.6349154
vn 0.7696626 0.06709166 0.6349158
vn 0.08824734 -0.9944291 0.05764733
vn -0.08889706 0.9943399 -0.0581836
vn -0.119787 0.987559 0.1018736
vn -0.05997004 0.997663 -0.03274544
vn -0.03265209 0.9993974 -0.01178332
vn 0.03353162 -0.9993926 0.009488852
vn 0.05920097 -0.997678 0.03367537
vn 0.8445342 0.08140668 0.5292779
vn 0.0827608 -0.9950682 -0.05467991
vn -0.8366406 -0.155962 -0.5250795
vn 0.5983846 -0.04419444 -0.7999892
vn -0.1051579 0.9938641 0.03429558
vn 0.1464947 -0.9849056 -0.09219756
vn -0.6357021 -0.01167075 0.7718463
vn 0.6467229 0.3011875 0.7007393
vn -0.008648196 0.9949834 -0.09966581
vn -0.6639613 -0.06301999 -0.7451066
vn -0.6301637 -0.07203621 0.7731135
vn -0.69367 -0.08322898 -0.7154684
vn -0.6314013 -0.02184743 0.7751485
vn -0.7714128 -0.08423098 -0.6307357
vn 0.7714142 0.08421379 0.6307363
vn 0.08954202 -0.9949709 0.04489161
vn -0.07918441 0.9962031 -0.03618221
vn 0.6096261 0.01842616 -0.792475
vn 0.07216427 -0.9969453 0.02987424
vn 0.07906844 -0.9962071 0.03632535
vn -0.0662115 0.995097 -0.07347168
vn 0.6905584 0.1578107 0.7058504
vn 0.06542516 -0.9951199 0.07386406
vn 0.654286 -0.0001467012 -0.7562472
vn -0.001075919 -0.990863 0.1348681
vn -0.6314036 -0.02184994 0.7751465
vn 0.7282266 0.08288122 0.6803065
vn -0.002825421 0.9914824 -0.1302105
vn -0.7170488 -0.2524546 -0.6496983
vn -0.633709 -0.05303258 0.7717515
vn 0.7773649 -0.1853021 0.6011381
vn -0.7711709 -0.1621856 -0.6156227
vn 0.04370673 -0.9988182 -0.02125829
vn -0.04083079 0.9988891 0.02352205
vn 0.6170838 0.05568629 -0.7849247
vn -0.6170837 -0.05568655 0.7849247
vn 0.6154755 0.06061788 -0.7858214
vn -0.6154757 -0.0606176 0.7858213
vn 0.7942542 -0.083776 0.6017822
vn -0.7486165 -0.2475057 -0.6150727
vn 0.09299591 -0.992936 -0.07368847
vn -0.09299957 0.9929359 0.07368487
vn 0.6059072 0.1320855 -0.7844934
vn -0.6059072 -0.1320859 0.7844934
vn 0.6109714 0.1206449 -0.7824059
vn -0.6109715 -0.1206447 0.7824057
vn 0.7458889 -0.05919472 0.6634348
vn -0.7355167 -0.09209306 -0.6712183
vn 0.09260677 -0.9952711 -0.02931712
vn -0.09999511 0.9947309 0.02261475
vn 0.6577773 0.07568737 -0.7494001
vn -0.6577771 -0.0756864 0.7494003
vn 0.6514868 0.09073061 -0.753215
vn -0.6514869 -0.09072927 0.7532151
vn 0.7288318 -0.1606714 0.6655741
vn -0.7224714 -0.1871157 -0.6655996
vn 0.03293389 -0.999368 0.01338152
vn -0.03125741 0.9994412 -0.01184518
vn 0.6565719 0.02839687 -0.7537288
vn -0.656572 -0.02839596 0.7537286
vn 0.65764 0.02511754 -0.7529135
vn -0.6576402 -0.02511671 0.7529134
vn 0.6400853 0.03202588 -0.7676361
vn -0.6400853 -0.03202588 0.7676361
vn 0.1636066 -0.9818966 0.09545678
vn -0.1636066 0.9818966 -0.09545678
vn -0.7506822 -0.1866907 -0.6337372
vn 0.7506822 0.1866907 0.6337372
vn 0.7114248 0.4946374 0.499208
vn 0.7927819 -0.1191521 0.5977456
vn 0.5729781 -0.6835386 0.4521849
vn 0.1467515 -0.9802677 0.1324364
vn -0.3355646 -0.9134203 -0.2303472
vn -0.7049452 -0.4965687 -0.5064305
vn -0.7968978 0.1206824 -0.5919372
vn -0.5691348 0.6827515 -0.4581877
vn -0.12704 0.9791846 -0.1582991
vn 0.3591253 0.9104813 0.205068
vn -0.665383 0.1417368 0.7329232
vn -0.1487322 -0.9035872 -0.4017574
vn 0.1189752 0.8661146 -0.4854797
vn -0.3820476 0.5916551 -0.7099183
vn -0.7410559 0.0914671 -0.6651841
vn -0.8218658 -0.4440255 -0.3569007
vn -0.5877145 -0.8035941 0.09395817
vn -0.1303876 -0.8553744 0.501332
vn 0.3779046 -0.588473 0.7147641
vn 0.7452818 -0.09411236 0.6600743
vn 0.8222801 0.443742 0.3562983
vn 0.5792725 0.8111569 -0.08042352
vn 0.217785 0.709007 -0.6707301
vn -0.3715348 0.5476691 -0.7496803
vn -0.8385934 0.1734874 -0.5163944
vn -0.967324 -0.2476615 -0.05429705
vn -0.7306504 -0.5477942 0.4075189
vn -0.240478 -0.6636944 0.7082939
vn 0.3650704 -0.539284 0.7588785
vn 0.8373041 -0.1717221 0.5190697
vn 0.9569158 0.275474 0.09179492
vn 0.7130973 0.6064423 -0.3517387
vn 0.278992 0.3999951 -0.873022
vn -0.3260281 0.3808399 -0.8652553
vn -0.8555385 0.2289216 -0.4643799
vn -0.9837274 0.03185136 0.176822
vn -0.7358745 -0.1250507 0.6654705
vn -0.2978425 -0.2657363 0.9168828
vn 0.3116001 -0.345919 0.8850116
vn 0.8546478 -0.2258196 0.4675283
vn 0.9927793 0.0397919 -0.1131629
vn 0.7557484 0.2771737 -0.5933121
vn 0.2325448 0.222142 -0.9468769
vn -0.3694716 0.2877876 -0.8835548
vn -0.8555993 0.2715899 -0.4406687
vn -0.9578892 0.1936184 0.2120381
vn -0.6885363 0.06764727 0.7220399
vn -0.2227524 -0.1066598 0.9690228
vn 0.3673207 -0.2635354 0.891978
vn 0.8556111 -0.2703425 0.4414121
vn 0.9781875 -0.1194498 -0.1699443
vn 0.7302402 0.07436593 -0.679131
vn 0.5783551 0.5958254 0.557223
vn 0.7008386 0.001100162 0.7133191
vn 0.5401238 -0.5899963 0.6001423
vn 0.1731618 -0.9474008 0.2691593
vn -0.2522292 -0.953649 -0.164116
vn -0.5845994 -0.5967976 -0.5496146
vn -0.6956674 -0.0001774345 -0.718364
vn -0.5455402 0.5897697 -0.5954475
vn -0.196128 0.9491721 -0.2461832
vn 0.2303993 0.9541558 0.1910572
vn 0.6340604 0.0438173 -0.7720411
vn -0.3973273 -0.9167714 0.04075791
vn -0.4848541 0.8728164 0.05574987
vn -0.7678836 0.526642 -0.3646958
vn -0.7601153 -0.02101941 -0.6494482
vn -0.4532647 -0.5617075 -0.6921242
vn 0.03290315 -0.8814189 -0.4711879
vn 0.4987859 -0.8638407 -0.07065302
vn 0.7720596 -0.5240926 0.3595149
vn 0.7556771 0.01901282 0.6546684
vn 0.4527293 0.5614855 0.6926546
vn -0.02079669 0.8876867 0.459978
vn -0.6516147 0.7315346 0.2006379
vn -0.8048729 0.4845824 -0.3425778
vn -0.6275933 0.04608712 -0.7771761
vn -0.1773558 -0.388168 -0.904362
vn 0.318655 -0.6486946 -0.6911254
vn 0.6847653 -0.6899719 -0.234596
vn 0.8129318 -0.4772193 0.3337717
vn 0.6300328 -0.04452848 0.7752909
vn 0.2124843 0.4142388 0.8850179
vn -0.26707 0.7042581 0.657795
vn -0.8368226 0.434406 0.3331958
vn -0.9095017 0.3259945 -0.2579422
vn -0.5795844 0.09855327 -0.8089309
vn 0.04307323 -0.1135055 -0.9926032
vn 0.5638971 -0.2306474 -0.7929829
vn 0.8747 -0.3042887 -0.3772377
vn 0.9263526 -0.2935367 0.2360238
vn 0.5825176 -0.09560765 0.8071756
vn 0.01957712 0.1858805 0.9823774
vn -0.4932176 0.3842399 0.7804461
vn -0.9121456 0.2514342 0.323684
vn -0.9313148 0.2274892 -0.2844317
vn -0.5570762 0.1408092 -0.8184369
vn 0.07773034 0.05039766 -0.9956998
vn 0.6218711 -0.03291314 -0.7824277
vn 0.9327638 -0.135712 -0.3339672
vn 0.9388191 -0.2037986 0.2776418
vn 0.5577824 -0.1395722 0.8181677
vn -0.03499892 0.02607272 0.9990472
vn -0.577031 0.1796546 0.7967179
vn -0.6990334 -0.5916986 -0.4015534
vn -0.8536991 0.004067118 -0.5207506
vn -0.6820219 0.5951617 -0.4250046
vn -0.2613174 0.9512339 -0.1639123
vn 0.2573921 0.9543141 0.1517695
vn 0.6930968 0.593384 0.4092826
vn 0.8573889 -0.005511682 0.5146397
vn 0.6786993 -0.5944187 0.4313163
vn 0.2441282 -0.950641 0.1915286
vn -0.2786442 -0.9522983 -0.1244397
vn 0.6046106 -0.1163575 -0.7879766
vn 0.08962177 0.9356995 0.3412249
vn 0.01946468 -0.8441103 0.5358164
vn 0.5075863 -0.5081613 0.6957933
vn 0.8059224 0.02213866 0.591607
vn 0.8003024 0.544287 0.2515311
vn 0.4880477 0.8517907 -0.1904259
vn -0.008522432 0.8336742 -0.5521908
vn -0.5036061 0.5051349 -0.7008706
vn -0.8099039 -0.01963885 -0.5862337
vn -0.8006868 -0.5440109 -0.2509041
vn -0.4801677 -0.8592365 0.1764983
vn -0.07749683 -0.6872672 0.7222591
vn 0.4962784 -0.4632251 0.734255
vn 0.8971273 -0.05814061 0.4379298
vn 0.9365348 0.3463409 -0.05431955
vn 0.6270285 0.5939226 -0.5040748
vn 0.1012183 0.6423656 -0.759685
vn -0.4898602 0.455013 -0.7436399
vn -0.8959153 0.05636576 -0.4406345
vn -0.9268262 -0.3750896 0.01734463
vn -0.6087109 -0.6536414 0.4496933
vn -0.1516815 -0.3747748 0.9146237
vn 0.4444938 -0.2954014 0.8456733
vn 0.914858 -0.1145122 0.3871972
vn 0.9605291 0.05697668 -0.2722818
vn 0.6525602 0.159616 -0.7407349
vn 0.1803972 0.2407756 -0.9536687
vn -0.428384 0.2610223 -0.8650749
vn -0.9139436 0.1113373 -0.3902706
vn -0.9679187 -0.1327349 0.2133423
vn -0.6629598 -0.3168891 0.6782815
vn -0.1175356 -0.1891797 0.9748828
vn 0.4793916 -0.1975519 0.8550772
vn 0.9171905 -0.1582587 0.3656717
vn 0.9487233 -0.1083299 -0.2969658
vn 0.6207312 -0.03981017 -0.7830122
vn 0.1179544 0.07221031 -0.99039
vn -0.4754972 0.1731923 -0.8625003
vn -0.9171419 0.1569763 -0.3663458
vn -0.9649482 0.03018696 0.2606983
vn -0.6510472 -0.1079221 0.7513257
vn -0.6686642 -0.5003527 -0.5500321
vn -0.7571596 0.113267 -0.6433351
vn -0.5416375 0.6788014 -0.4958403
vn -0.1209118 0.9778263 -0.1709858
vn 0.3391189 0.9145921 0.2202719
vn 0.6742943 0.5015728 0.5419889
vn 0.7523832 -0.1142781 0.6487373
vn 0.5466339 -0.678529 0.4907035
vn 0.1416219 -0.9791063 0.145925
vn -0.3197756 -0.9141747 -0.2490547
vn -0.567249 -0.06932962 0.8206229
vn 0.4628519 0.8864355 0.0005406327
vn 0.4085763 -0.8960344 -0.1737465
vn 0.7527002 -0.610418 0.2466421
vn 0.8121372 -0.09182581 0.5761954
vn 0.5532753 0.4629578 0.6925003
vn 0.07649688 0.8348939 0.5450691
vn -0.4218482 0.8867372 0.1890536
vn -0.7566039 0.6077082 -0.2413325
vn -0.8080183 0.09398175 -0.5816132
vn -0.5527719 -0.4627279 -0.6930557
vn -0.08805743 -0.8412917 -0.5333613
vn 0.5728842 -0.7542089 -0.3208936
vn 0.7908387 -0.5692243 0.2248513
vn 0.6861755 -0.1608136 0.709438
vn 0.2837892 0.290629 0.9137825
vn -0.2067313 0.6037631 0.7698911
vn -0.6061636 0.7121586 0.3541127
vn -0.7986663 0.5616745 -0.215995
vn -0.6885585 0.159261 -0.7074767
vn -0.3190665 -0.3158208 -0.8935625
vn 0.1539972 -0.6583672 -0.7367752
vn 0.7687525 -0.4600006 -0.4443185
vn 0.8999313 -0.4113345 0.1446639
vn 0.6371017 -0.212447 0.7409236
vn 0.0509104 0.02525659 0.9983838
vn -0.474305 0.1964653 0.8581585
vn -0.8127872 0.3293986 0.480493
vn -0.917334 0.3782789 -0.1241109
vn -0.640092 0.2095678 -0.7391641
vn -0.1179221 -0.09367276 -0.9885948
vn 0.3931617 -0.3452053 -0.8522072
vn 0.8586897 -0.2844115 -0.4263356
vn 0.9315631 -0.317435 0.1772716
vn 0.6122495 -0.2537056 0.7488552
vn 0.003936344 -0.1354047 0.9907826
vn -0.5482573 0.00508476 0.8362944
vn -0.8873383 0.1699721 0.4286493
vn -0.94029 0.2938102 -0.171844
vn -0.613028 0.2525015 -0.7486252
vn -0.05264079 0.06275161 -0.99664
vn 0.4910168 -0.1463889 -0.8587623
vn 0.6222311 0.009364206 -0.7827777
vn -0.6222316 -0.009364358 0.7827772
vn 0.6511428 0.1348156 0.7468855
vn -0.6511431 -0.1348156 -0.7468852
vn 0.6511902 -0.1204772 -0.7492908
vn 0.474788 -0.6982381 0.5357611
vn -0.5985904 -0.1525633 0.786393
vn -0.5485523 0.559036 -0.621747
vn 0.6007031 0.1424456 -0.7866797
vn 0.1889589 -0.9630588 0.1918659
vn 0.540519 -0.6444203 0.5408899
vn 0.5557256 0.148998 -0.8179051
vn -0.5581539 -0.1637519 0.8134185
vn -0.5582393 0.6130545 -0.5590466
vn -0.5256665 -0.04925061 0.8492639
vn -0.3552897 0.8599623 -0.3663797
vn 0.5329241 0.05990244 -0.8440401
vn -0.1051211 -0.9875154 -0.1173155
vn -0.5713451 -0.1128825 0.8129098
vn 0.0443684 0.9976294 0.05260247
vn 0.5675052 0.111319 -0.81581
vn 0.6827391 0.1351639 0.7180517
vn -0.4321044 -0.7330464 -0.5252893
vn -0.6494458 0.1080911 0.7526863
vn 0.3999103 0.774102 0.4907525
vn 0.6156168 0.05922186 -0.7858173
vn -0.2561072 -0.8956168 -0.3637027
vn -0.5635179 -0.1821172 0.8057798
vn 0.1609059 0.9516963 0.2615023
vn 0.6842221 -0.1920004 -0.7035453
vn 0.4875839 -0.01177938 -0.8729967
vn 0.2656742 0.9183583 0.2933178
vn -0.3640247 -0.8519669 -0.3763489
vn -0.5688336 0.07040358 0.8194338
vn 0.07354957 -0.9972885 0.002503717
vn -0.7143249 0.2029488 0.6697401
vn -0.1324485 0.9896511 -0.05521017
vn 0.7044618 0.03192648 0.7090236
vn 0.07616686 0.9970215 -0.01211567
vn -0.1036799 -0.9944835 -0.01591306
vn 0.6540769 -0.01889098 -0.7561922
vn -0.6540769 0.01889098 0.7561922
vn 0.1068474 -0.9873575 0.1170848
vn -0.1068474 0.9873575 -0.1170848
vn -0.7488439 -0.1573796 -0.6437892
vn 0.7488439 0.1573796 0.6437892
vn 0.6009816 0.5738347 0.5563587
vn 0.687344 -0.0235315 0.7259508
vn 0.4958599 -0.6069435 0.6210818
vn 0.1153031 -0.9499799 0.2902473
vn -0.3022032 -0.9412737 -0.150589
vn -0.6074013 -0.5743067 -0.5488494
vn -0.6820427 0.02406484 -0.7309163
vn -0.501361 0.6071117 -0.6164841
vn -0.1385292 0.9534816 -0.2677357
vn 0.2799723 0.9435295 0.1771093
vn 0.6487972 -0.006873899 -0.7609304
vn -0.4485432 -0.892314 0.05084158
vn -0.4362555 0.8993151 0.03022666
vn -0.7308465 0.5610438 -0.3887074
vn -0.748738 0.008212774 -0.6628153
vn -0.4718631 -0.5494137 -0.6895577
vn -0.008205831 -0.8911288 -0.4536762
vn 0.4509228 -0.8914259 -0.04503858
vn 0.7352474 -0.5588341 0.3835568
vn 0.7441049 -0.009865264 0.66799
vn 0.471307 0.5492324 0.6900823
vn 0.02083575 0.8964899 0.4425741
vn -0.6131295 0.7704285 0.1746774
vn -0.7705041 0.521552 -0.3664792
vn -0.6104829 0.06529598 -0.7893333
vn -0.1830595 -0.3957283 -0.899938
vn 0.293862 -0.6790617 -0.6726964
vn 0.6491324 -0.7314565 -0.2088028
vn 0.779113 -0.5148249 0.3576847
vn 0.6130379 -0.06391311 0.7874641
vn 0.2199187 0.4194178 0.8807523
vn -0.2386853 0.7309998 0.6392719
vn -0.8169078 0.4867436 0.3094228
vn -0.8852752 0.3707376 -0.2807873
vn -0.5590765 0.1143721 -0.8211898
vn 0.05385736 -0.1355389 -0.9893072
vn 0.5637914 -0.2773862 -0.7779435
vn 0.8627487 -0.3598349 -0.3552234
vn 0.9042892 -0.3397093 0.2585703
vn 0.5621995 -0.1116295 0.8194331
vn 0.01290415 0.2041071 0.9788635
vn -0.4844396 0.4265389 0.763795
vn -0.9021536 0.3080797 0.302003
vn -0.9120923 0.2730846 -0.3057981
vn -0.5340827 0.1551155 -0.8310806
vn 0.09766063 0.02609399 -0.9948777
vn 0.6325242 -0.08300202 -0.7700804
vn 0.9293762 -0.1939086 -0.3141009
vn 0.9210241 -0.2499874 0.2986988
vn 0.5348614 -0.1539253 0.830801
vn -0.05079044 0.04793911 0.9975581
vn -0.5798149 0.2272856 0.7824041
vn -0.7239199 -0.5599071 -0.4030437
vn -0.8429906 0.04102107 -0.536362
vn -0.6402607 0.6234745 -0.4487157
vn -0.2049171 0.9608017 -0.1867328
vn 0.3076084 0.9414043 0.1383293
vn 0.7179537 0.5620735 0.4106288
vn 0.8466992 -0.04279001 0.5303486
vn 0.6368761 -0.6224223 0.45495
vn 0.187312 -0.958704 0.2140117
vn -0.329185 -0.9376666 -0.1114387
vn 0.6107301 -0.1654543 -0.7743601
vn 0.1358035 0.9359183 0.3249834
vn -0.03698327 -0.8330106 0.5520197
vn 0.4662903 -0.5215337 0.714546
vn 0.7955313 -0.01079355 0.6058164
vn 0.8249672 0.5039601 0.2558386
vn 0.5380731 0.8194208 -0.1975528
vn 0.04760776 0.8216584 -0.5679887
vn -0.462398 0.5181902 -0.7194908
vn -0.7994595 0.01361733 -0.6005657
vn -0.8253465 -0.5036505 -0.2552241
vn -0.530381 -0.8275692 0.1839165
vn -0.1282512 -0.6673336 0.7336331
vn 0.4568445 -0.4752795 0.7519325
vn 0.8847598 -0.09906564 0.4553967
vn 0.9552125 0.2926857 -0.04363736
vn 0.6678511 0.5480202 -0.5036356
vn 0.1500734 0.6204458 -0.7697565
vn -0.4507333 0.466538 -0.76104
vn -0.8836022 0.09717258 -0.4580444
vn -0.9464853 -0.3226622 0.007400138
vn -0.6519573 -0.6097386 0.4507445
vn -0.188193 -0.3474238 0.9186295
vn 0.4125891 -0.3026474 0.859171
vn 0.9001917 -0.157337 0.406079
vn 0.9667846 -0.001862975 -0.2555856
vn 0.6731887 0.1083225 -0.7314938
vn 0.2100539 0.2112841 -0.9545871
vn -0.3980903 0.2670464 -0.8776163
vn -0.8994027 0.1540555 -0.4090741
vn -0.9773705 -0.07453143 0.1979696
vn -0.6912702 -0.2659931 0.671858
vn -0.1447864 -0.1628419 0.975971
vn 0.4527278 -0.2067167 0.8673556
vn 0.9004503 -0.201567 0.3854348
vn 0.9461965 -0.1667201 -0.2773387
vn 0.6310114 -0.08983541 -0.7705545
vn 0.138942 0.04574299 -0.9892436
vn -0.4500717 0.182035 -0.8742418
vn -0.9004617 0.2002707 -0.3860835
vn -0.9661286 0.08888856 0.2422693
vn -0.6689755 -0.05659085 0.7411271
vn -0.68593 -0.4733734 -0.5526461
vn -0.7383953 0.1422237 -0.6592003
vn -0.4942194 0.697763 -0.5185307
vn -0.06314434 0.9794155 -0.1917241
vn 0.3857907 0.8985859 0.2090667
vn 0.691758 0.474118 0.5446862
vn 0.7334771 -0.14286 0.6645318
vn 0.4993114 -0.697871 0.5134825
vn 0.0841817 -0.9823434 0.1670776
vn -0.3659586 -0.8998179 -0.2374912
vn -0.584366 -0.0213303 0.8112099
vn 0.5115464 0.8592204 -0.007775027
vn 0.3608558 -0.9206187 -0.1491454
vn 0.7130564 -0.6461912 0.2720065
vn 0.7956392 -0.1252125 0.5926889
vn 0.5661825 0.4452939 0.6936504
vn 0.1135412 0.8400912 0.5304293
vn -0.3748894 0.9123801 0.1643794
vn -0.7171966 0.6438089 -0.2667192
vn -0.7913131 0.1270278 -0.59807
vn -0.5656574 -0.4451035 -0.6942008
vn -0.125642 -0.8456023 -0.5188169
vn 0.5353509 -0.7910985 -0.2959099
vn 0.7538072 -0.607621 0.250143
vn 0.6637326 -0.1844275 0.7248763
vn 0.2837017 0.2926415 0.9131672
vn -0.1860029 0.6295723 0.7543485
vn -0.5714968 0.751632 0.3293034
vn -0.7621965 0.6006957 -0.2412906
vn -0.6662322 0.183049 -0.7229301
vn -0.3206754 -0.3154278 -0.8931252
vn 0.1297364 -0.6804932 -0.7211778
vn 0.74945 -0.5107377 -0.4212739
vn 0.8729185 -0.4576622 0.1689931
vn 0.6113142 -0.2326186 0.7564282
vn 0.034938 0.04234403 0.9984921
vn -0.4773902 0.239595 0.8453951
vn -0.8013284 0.3835295 0.4591056
vn -0.8924931 0.4260406 -0.1481399
vn -0.6144907 0.2299456 -0.7546697
vn -0.1058248 -0.1067271 -0.9886407
vn 0.3879775 -0.3834547 -0.8381146
vn 0.8487262 -0.3400852 -0.4049765
vn 0.9091743 -0.3650296 0.2003883
vn 0.5840634 -0.2722679 0.7646831
vn -0.02079481 -0.115583 0.9930801
vn -0.5615233 0.05221398 0.825812
vn -0.8837557 0.2274809 0.4089355
vn -0.9192994 0.3420387 -0.1946746
vn -0.5849119 0.2711136 -0.7644446
vn -0.03178157 0.04564185 -0.9984522
vn 0.49688 -0.1905451 -0.8466421
vn 0.7291787 0.4642793 0.5027357
vn 0.7744176 -0.1509865 0.6143944
vn 0.5259979 -0.7051036 0.4755577
vn 0.08947126 -0.9840569 0.1537102
vn -0.3820025 -0.8978148 -0.2190953
vn -0.7226929 -0.4667111 -0.5097997
vn -0.7785417 0.1528586 -0.6086929
vn -0.5221012 0.7039847 -0.4814728
vn -0.06940594 0.981365 -0.1791804
vn 0.4057968 0.8930682 0.1943146
vn -0.6690278 0.1930611 0.717725
vn -0.1919711 -0.901792 -0.3871928
vn 0.175543 0.848301 -0.4995699
vn -0.3360596 0.5976339 -0.7279407
vn -0.7231577 0.1191315 -0.6803313
vn -0.8390701 -0.4047827 -0.3634726
vn -0.6332071 -0.767706 0.09836853
vn -0.1866109 -0.8366294 0.5150025
vn 0.3320174 -0.5941306 0.7326482
vn 0.7273171 -0.1221088 0.6753513
vn 0.8394784 0.4044647 0.3628835
vn 0.6249673 0.7759945 -0.08513768
vn 0.2686208 0.6822813 -0.6799524
vn -0.3273319 0.5523463 -0.7666598
vn -0.8185262 0.2093953 -0.5349472
vn -0.9785575 -0.1946407 -0.06738236
vn -0.7670475 -0.4981523 0.4043297
vn -0.2893956 -0.6350374 0.7162247
vn 0.3211875 -0.5434332 0.7755765
vn 0.8172914 -0.207508 0.5375643
vn 0.9690704 0.2237319 0.1041472
vn 0.7518328 0.5587874 -0.350006
vn 0.3159733 0.3663675 -0.8751776
vn -0.2892161 0.3809723 -0.8781881
vn -0.8332482 0.266713 -0.4843157
vn -0.9833295 0.08991558 0.1580449
vn -0.7531269 -0.0706988 0.6540655
vn -0.3280549 -0.2304197 0.916126
vn 0.2764203 -0.3449167 0.8970086
vn 0.8324776 -0.263504 0.4873876
vn 0.9952636 -0.01762684 -0.09560229
vn 0.7802107 0.2228966 -0.5844557
vn 0.2609543 0.1899249 -0.9464837
vn -0.337464 0.2901268 -0.8955136
vn -0.831337 0.3097844 -0.4614242
vn -0.9491132 0.2506713 0.1906519
vn -0.6960899 0.1201678 0.7078266
vn -0.2451141 -0.07474445 0.9666087
vn 0.336525 -0.2656291 0.9034336
vn 0.8314057 -0.3085249 0.462144
vn 0.9727888 -0.1769167 -0.1496079
vn 0.7449088 0.02014182 -0.6668623
vn 0.6352502 -0.04082514 -0.7712268
vn -0.6352506 0.04082501 0.7712263
vn 0.644618 0.1133796 0.7560507
vn -0.6446183 -0.1133796 -0.7560504
vn 0.6563298 -0.1713781 -0.7347523
vn 0.4257075 -0.7126585 0.5575761
vn -0.6197083 -0.1033642 0.7779958
vn -0.5056285 0.5760729 -0.6422459
vn 0.6212574 0.09314115 -0.7780514
vn 0.131538 -0.9680321 0.213569
vn 0.4942421 -0.6624791 0.5628909
vn 0.5772636 0.1015537 -0.8102183
vn -0.5804338 -0.1162368 0.8059687
vn -0.513369 0.6317883 -0.5807719
vn -0.5422297 -0.003021023 0.840225
vn -0.3003178 0.8708562 -0.3891257
vn 0.5499792 0.01335602 -0.8350717
vn -0.1580485 -0.9823084 -0.1004535
vn -0.5907533 -0.06473422 0.8042513
vn 0.09908545 0.9944824 0.03445259
vn 0.5868829 0.06332856 -0.8071914
vn 0.6766792 0.1113978 0.7278021
vn -0.4631962 -0.7182936 -0.5191374
vn -0.6553387 0.1589846 0.7384139
vn 0.4339479 0.7603737 0.4832402
vn 0.6314837 0.009251979 -0.7753339
vn -0.2993767 -0.8871168 -0.3512795
vn -0.5866818 -0.1344252 0.7985828
vn 0.20924 0.9463385 0.2462971
vn 0.6845191 -0.2436952 -0.6870562
vn 0.5012156 -0.05626399 -0.8634914
vn 0.3114164 0.907881 0.2806635
vn -0.4044533 -0.8378076 -0.3667371
vn -0.5781251 0.1182239 0.8073379
vn 0.01769525 -0.9995835 0.02279864
vn -0.7133734 0.2556192 0.6525007
vn -0.07600685 0.9941741 -0.0764259
vn 0.6927567 0.006954237 0.7211379
vn 0.1319167 0.9908174 -0.02964596
vn -0.1587554 -0.9873174 0.001072332
vt 0.1616614 -0.006639673
vt 0.1631123 -0.005545197
vt 0.1624207 -0.004319436
vt 0.1609951 -0.005446723
vt 0.09097585 0.1928981
vt 0.09548708 0.1953585
vt 0.0948616 0.1970875
vt 0.09010567 0.1944937
vt 0.1462521 0.01034535
vt 0.2588692 -0.1507187
vt 0.2603586 -0.1496773
vt 0.1477415 0.01138677
vt -0.1462539 0.01034711
vt -0.1477434 0.01138854
vt -0.260361 -0.1496752
vt -0.2588715 -0.1507166
vt -0.1877673 -0.009017302
vt -0.1917496 -0.007498712
vt -0.1999141 -0.004385354
vt -0.2699388 -0.1880175
vt -0.2625933 -0.1908186
vt -0.257792 -0.1926495
vt 0.1877674 -0.009017142
vt 0.2577922 -0.1926493
vt 0.262854 -0.1907191
vt 0.2699391 -0.1880173
vt 0.1999142 -0.004385178
vt 0.1916212 -0.007547564
vt -0.09372972 0.1964666
vt -0.1015217 0.2007162
vt -0.1023919 0.1991207
vt -0.09472067 0.194937
vt 0.1814942 0.00517033
vt 0.1853856 0.00653705
vt 0.1846805 0.007822257
vt 0.1808092 0.006399648
vt -0.1511198 -0.01650271
vt -0.1496398 -0.01756642
vt -0.149028 -0.0162769
vt -0.1504846 -0.01518142
vt -0.1853752 0.006809803
vt -0.1813529 0.005400731
vt -0.1807034 0.006602728
vt -0.184705 0.008069783
vt -0.09047063 0.1911681
vt -0.08957881 0.1927516
vt -0.09317255 0.1947756
vt -0.09418426 0.1932596
vt -0.2878748 -0.1889072
vt -0.2949552 -0.1854911
vt -0.2956089 -0.187154
vt -0.2885105 -0.1905325
vt -0.2495566 -0.1411585
vt -0.2510576 -0.1401338
vt -0.2524179 -0.1413513
vt -0.2508948 -0.1423429
vt 0.2944269 -0.1865012
vt 0.2875875 -0.1897753
vt 0.2882444 -0.1914349
vt 0.2951013 -0.1881975
vt 0.2725887 -0.1121902
vt 0.2711045 -0.1132755
vt 0.2724662 -0.1143674
vt 0.2739743 -0.1133156
vt 0.09274907 0.2025131
vt 0.09964926 0.2062801
vt 0.09877841 0.2078753
vt 0.09212285 0.2042419
vt -0.09193324 0.1837272
vt -0.09101509 0.1852956
vt -0.09618636 0.1885974
vt -0.09722318 0.1870985
vt -0.2718126 -0.1843922
vt -0.2796288 -0.1807944
vt -0.2804856 -0.1837948
vt -0.2726696 -0.1873932
vt 0.1352776 -0.0004508925
vt 0.2449317 -0.1635663
vt 0.2464399 -0.1625524
vt 0.1367859 0.0005630414
vt -0.1352796 -0.0004490726
vt -0.1367879 0.0005648698
vt -0.2464426 -0.1625502
vt -0.2449343 -0.1635641
vt -0.2707407 -0.1762109
vt -0.1894679 0.00274544
vt -0.1952682 0.005133872
vt 0.1952861 0.005233087
vt 0.189612 0.002898896
vt 0.2709673 -0.17602
vt 0.1805478 0.004949266
vt 0.1869197 0.00754635
vt 0.1854464 0.01025618
vt 0.1913691 -0.0005749486
vt 0.2630936 -0.1834299
vt 0.2705874 -0.1802173
vt 0.2750419 -0.1783076
vt 0.1876344 -0.005978418
vt 0.2678031 -0.1853189
vt 0.1939232 -0.003185933
vt -0.2554398 -0.1902178
vt -0.1876246 -0.005872647
vt -0.1937888 -0.00313812
vt -0.2632013 -0.1834794
vt -0.1976515 0.002270084
vt -0.2751481 -0.1783537
vt -0.2711088 -0.1800868
vt -0.1481465 -0.01599067
vt -0.1466648 -0.01704283
vt -0.1453277 -0.01437018
vt -0.1467509 -0.01324012
vt -0.1898667 0.002317035
vt -0.1836523 -0.0003014459
vt -0.1822956 0.00220277
vt 0.1352742 -0.02802594
vt 0.1367834 -0.02700437
vt 0.1353672 -0.02442548
vt 0.1339132 -0.02552417
vt -0.08213466 0.1862068
vt -0.08788361 0.1899879
vt -0.08893393 0.1885047
vt -0.08329722 0.1848032
vt 0.1916995 0.009202035
vt 0.1854543 0.006313441
vt 0.1869374 0.003772295
vt -0.1821613 0.01141148
vt -0.188321 0.01415591
vt -0.1897324 0.01152166
vt 0.08989902 0.1902623
vt 0.09360416 0.192627
vt 0.09262643 0.194159
vt 0.08854099 0.1915516
vt -0.1708566 -0.1875287
vt -0.1725208 -0.1866704
vt -0.1743442 -0.1893369
vt -0.172632 -0.1900949
vt 0.2788737 -0.1811407
vt 0.2714626 -0.1845396
vt 0.2723508 -0.1876462
vt 0.2797615 -0.1842465
vt 0.2271885 -0.14373
vt 0.2256567 -0.1447079
vt 0.2275345 -0.1472009
vt 0.229123 -0.146318
vt 0.06381856 0.2024632
vt 0.07082128 0.2074633
vt 0.06939805 0.2086802
vt 0.06276251 0.2039423
vt 0.1240382 0.00979113
vt 0.1255809 0.01075183
vt 0.1248621 0.01180925
vt 0.1233446 0.01080922
vt 0.06826441 0.1804594
vt 0.07143341 0.1826153
vt 0.07000843 0.1838439
vt 0.06724218 0.1819621
vt 0.1342698 -0.003149604
vt 0.2415489 -0.167955
vt 0.243072 -0.1669635
vt 0.135793 -0.002158134
vt -0.1342721 -0.003147487
vt -0.1357953 -0.002156003
vt -0.2430751 -0.1669609
vt -0.2415519 -0.1679523
vt -0.2574802 -0.1827557
vt -0.1765411 -0.00353943
vt -0.1814869 -0.001543681
vt 0.1751383 -0.005426995
vt 0.2547525 -0.1852357
vt 0.2578117 -0.1838812
vt 0.2624711 -0.1818182
vt 0.2666395 -0.1799725
vt 0.1870252 -0.0001638051
vt 0.1799726 -0.003523682
vt -0.06457548 0.1855104
vt -0.07095195 0.1900243
vt -0.07201569 0.1885507
vt -0.06575073 0.1841174
vt -0.2527844 -0.1869548
vt -0.1790901 -0.00479582
vt -0.1860346 -0.001528125
vt -0.2547692 -0.1852434
vt -0.1870337 -0.0001744783
vt -0.2666559 -0.1799797
vt -0.2627755 -0.181698
vt -0.2582738 -0.1836915
vt 0.178282 -0.005521997
vt 0.1830841 -0.003537637
vt 0.1826516 -0.002258786
vt 0.1778773 -0.004309145
vt -0.1149723 0.001150294
vt -0.1134007 0.0002272805
vt -0.1126958 0.001325663
vt -0.1142441 0.002287134
vt -0.1831592 -0.003521101
vt -0.1782323 -0.005563344
vt -0.1778494 -0.004392483
vt -0.1827477 -0.002282585
vt -0.07935727 0.1766872
vt -0.07840307 0.178234
vt -0.08278675 0.1810234
vt -0.08385794 0.1795488
vt -0.2745385 -0.1825278
vt -0.2783529 -0.1806677
vt -0.2788492 -0.1818789
vt -0.275022 -0.1837127
vt 0.07143541 0.1826158
vt 0.07550617 0.185385
vt 0.0742236 0.1867106
vt 0.07001044 0.1838444
vt -0.2331162 -0.1609212
vt -0.2346513 -0.1599483
vt -0.2355181 -0.1610021
vt -0.2339537 -0.1619271
vt 0.2778859 -0.1810054
vt 0.2737843 -0.1829953
vt 0.2742845 -0.1842311
vt 0.2783996 -0.1822694
vt 0.1997765 -0.1911928
vt 0.1981619 -0.1920846
vt 0.1989246 -0.1931123
vt 0.2005646 -0.1922681
vt 0.06903931 0.1944954
vt 0.07250373 0.1969465
vt 0.07145409 0.1984301
vt 0.06773262 0.1957971
vt 0.141129 -0.04567571
vt 0.1395206 -0.04652188
vt 0.1403608 -0.04765102
vt 0.1419494 -0.04676838
vt 0.05412247 0.2298516
vt 0.05745313 0.234124
vt 0.05584847 0.2350216
vt 0.05268916 0.230969
vt 0.1217514 -0.02469504
vt 0.2078329 -0.2013706
vt 0.2094667 -0.2005745
vt 0.1233852 -0.023899
vt -0.2094641 -0.2005762
vt -0.2078303 -0.2013722
vt -0.1217496 -0.02469636
vt -0.1233834 -0.02390032
vt 0.3261298 -0.1169937
vt 0.3304873 -0.1142703
vt 0.3371538 -0.1101037
vt 0.2329932 0.05655404
vt 0.2255834 0.05192296
vt 0.2219692 0.04966409
vt -0.2254667 0.05184997
vt -0.2329931 0.05655396
vt -0.3371537 -0.1101038
vt -0.3307236 -0.1141227
vt -0.3261297 -0.1169938
vt -0.2219692 0.049664
vt -0.05530831 0.2343312
vt -0.06068059 0.2412225
vt -0.06211393 0.2401051
vt -0.05665705 0.2331053
vt -0.2264231 0.04725581
vt -0.2298012 0.04962203
vt -0.2308118 0.04856015
vt -0.2273999 0.0462428
vt -0.152482 -0.03043601
vt -0.1540689 -0.02953961
vt -0.1550058 -0.03061643
vt -0.1534386 -0.03154694
vt 0.230271 0.04946332
vt 0.2267842 0.04701237
vt 0.2277222 0.04601896
vt 0.231244 0.04841926
vt -0.04631799 0.2357919
vt -0.04768866 0.2345906
vt -0.04521207 0.2312925
vt -0.04375878 0.2323838
vt 0.30946 -0.09731632
vt 0.3163022 -0.09344505
vt 0.3155327 -0.09183245
vt 0.3087112 -0.09574002
vt -0.1978663 -0.1903994
vt -0.1962356 -0.1912016
vt -0.1958844 -0.1894101
vt -0.1975324 -0.1886439
vt -0.3171556 -0.09466642
vt -0.310558 -0.09840396
vt -0.3097797 -0.09679777
vt -0.3163572 -0.0930249
vt 0.1412974 -0.2089931
vt 0.1430142 -0.2083351
vt 0.1428746 -0.2065954
vt 0.1411435 -0.2072148
vt 0.07010145 0.2296652
vt 0.07489381 0.2355415
vt 0.07348539 0.2366901
vt 0.06851687 0.2305978
vt -0.05861212 0.2267521
vt -0.05981642 0.225384
vt -0.05536376 0.2211629
vt -0.05406342 0.2224326
vt 0.2966943 -0.1368939
vt 0.3042243 -0.1327302
vt 0.3031492 -0.129801
vt 0.2956188 -0.1339641
vt 0.136689 -0.01272689
vt 0.2283281 -0.1866031
vt 0.2299359 -0.1857557
vt 0.1382968 -0.01187952
vt -0.2299319 -0.1857588
vt -0.2283241 -0.1866062
vt -0.1366862 -0.01272927
vt -0.138294 -0.01188193
vt 0.2078734 0.02974137
vt 0.2022885 0.02688519
vt 0.2979676 -0.1448011
vt -0.2978857 -0.1449238
vt -0.2022675 0.0267964
vt -0.2077333 0.02958373
vt -0.2241887 0.04288249
vt -0.2262256 0.0405663
vt -0.2205871 0.03662243
vt -0.3154643 -0.1314553
vt -0.3112682 -0.1338806
vt -0.3042091 -0.1379607
vt -0.2112707 0.03507918
vt -0.2198159 0.04360949
vt -0.3203709 -0.1252673
vt -0.2140213 0.03989872
vt 0.220038 0.04364502
vt 0.2143646 0.04
vt 0.309573 -0.1318063
vt 0.311553 -0.1336204
vt 0.3153591 -0.1314219
vt 0.217051 0.0387727
vt 0.3041021 -0.1379241
vt -0.1506615 -0.02554068
vt -0.152277 -0.02470848
vt -0.1541629 -0.02702671
vt -0.1525944 -0.0279443
vt 0.2164365 0.03964256
vt 0.2182496 0.03744612
vt 0.2238442 0.04121117
vt 0.1642922 -0.01073979
vt 0.1626996 -0.01162553
vt 0.1644858 -0.01396343
vt 0.1660303 -0.01299604
vt -0.02254296 0.2292583
vt -0.02659309 0.23465
vt -0.02800695 0.2335081
vt -0.0238704 0.2280094
vt -0.2157408 0.03289722
vt -0.2138619 0.03516147
vt -0.2195503 0.03903295
vt 0.2251086 0.03578778
vt 0.2231948 0.0380832
vt 0.2177153 0.03415275
vt 0.05154421 0.2270907
vt 0.05481094 0.230671
vt 0.05346837 0.231896
vt 0.05050576 0.228649
vt -0.2699727 -0.1279129
vt -0.2684438 -0.128994
vt -0.26709 -0.1260611
vt -0.2686804 -0.1250727
vt -0.3043641 -0.1334857
vt -0.2972322 -0.1374371
vt -0.2961112 -0.1344067
vt -0.3032436 -0.1304561
vt 0.2090812 -0.1671296
vt 0.2106622 -0.1662332
vt 0.2095118 -0.1633318
vt 0.2078792 -0.1641303
vt 0.06907857 0.2056213
vt 0.07491935 0.2113102
vt 0.07397449 0.2129269
vt 0.06781052 0.2069232
vt 0.1309302 0.005957614
vt 0.1292978 0.00515859
vt 0.1298435 0.004002245
vt 0.1314547 0.004842967
vt 0.03922717 0.2098441
vt 0.04153809 0.2122634
vt 0.0405604 0.213871
vt 0.03791298 0.2110995
vt 0.1395442 -0.01156172
vt 0.2345752 -0.1837207
vt 0.2361663 -0.1828424
vt 0.1411353 -0.01068344
vt -0.236162 -0.1828458
vt -0.234571 -0.1837241
vt -0.1395413 -0.01156435
vt -0.1411324 -0.01068609
vt 0.1970962 0.0228721
vt 0.1923597 0.02042046
vt 0.2897797 -0.150398
vt -0.1982604 0.02472562
vt -0.204913 0.02882082
vt -0.3033094 -0.1414371
vt -0.2993624 -0.1437182
vt -0.2949505 -0.1462679
vt -0.2920538 -0.147942
vt -0.1936575 0.02231598
vt -0.03481933 0.2142471
vt -0.03993004 0.2199729
vt -0.04127444 0.2187499
vt -0.03607117 0.2129224
vt 0.205782 0.03015354
vt 0.1992643 0.02610097
vt 0.2936279 -0.1462599
vt 0.295355 -0.1460187
vt 0.2996178 -0.1435553
vt 0.3032923 -0.141432
vt 0.2049035 0.02883031
vt 0.2920365 -0.1479363
vt -0.1898806 0.02385556
vt -0.1944849 0.02626357
vt -0.1950136 0.02502138
vt -0.1903765 0.02267705
vt -0.1417052 0.0144743
vt -0.1433133 0.0153322
vt -0.1439104 0.01417171
vt -0.1423239 0.01327444
vt 0.1945661 0.0264402
vt 0.1898426 0.02396355
vt 0.1903136 0.02282523
vt 0.1950707 0.0252366
vt -0.04226281 0.217628
vt -0.04347723 0.216269
vt -0.03982304 0.2125751
vt -0.03851334 0.2138351
vt 0.2879988 -0.1373369
vt 0.2917408 -0.135335
vt 0.2911913 -0.134147
vt 0.2874631 -0.1361746
vt 0.04154021 0.2122634
vt 0.04505994 0.2159481
vt 0.04396324 0.2174311
vt 0.04056253 0.213871
vt -0.2277654 -0.1758303
vt -0.2261887 -0.1767342
vt -0.2257001 -0.1754603
vt -0.2273039 -0.1746054
vt -0.292448 -0.1360945
vt -0.2884305 -0.138249
vt -0.2878723 -0.1370383
vt -0.2918749 -0.1348563
vt 0.2669219 -0.1483401
vt 0.2684531 -0.1473118
vt 0.2679216 -0.1461476
vt 0.2663609 -0.1471307
vt 0.05937109 0.2093826
vt 0.06263375 0.2125665
vt 0.06136442 0.2138671
vt 0.05832714 0.2109031
vt -0.1927318 0.004802367
vt -0.1942687 0.005772418
vt -0.1948266 0.004480316
vt -0.1932681 0.00354559
vt 0.04714302 0.201407
vt 0.04351595 0.2054308
vt 0.04235265 0.204007
vt 0.04579312 0.2001902
vt -0.1865589 0.0115474
vt -0.2794415 -0.1616492
vt -0.2778399 -0.1625082
vt -0.1849573 0.01068849
vt 0.2778415 -0.1625066
vt 0.2794431 -0.1616476
vt 0.1865599 0.01154864
vt 0.1849583 0.01068972
vt 0.2418024 -0.1755776
vt 0.2462185 -0.1729503
vt 0.2529747 -0.1689308
vt 0.1524905 -3.090412E-05
vt 0.144981 -0.004498518
vt 0.1413182 -0.006677662
vt -0.1448629 -0.004568762
vt -0.1524906 -3.080249E-05
vt -0.2529749 -0.1689306
vt -0.2464582 -0.1728076
vt -0.2418026 -0.1755774
vt -0.1413183 -0.006677579
vt -0.04293806 0.2033555
vt -0.03708764 0.2098458
vt -0.03843754 0.2110626
vt -0.04438008 0.2044702
vt -0.1281265 0.01408682
vt -0.1316985 0.0161488
vt -0.1326124 0.01500267
vt -0.1290111 0.01299232
vt 0.1859492 -0.007692498
vt 0.184366 -0.008595431
vt 0.1848102 -0.009951846
vt 0.1864126 -0.009083377
vt 0.1315578 0.01662272
vt 0.1278651 0.01449463
vt 0.1287101 0.01342103
vt 0.1324331 0.01549554
vt -0.04087713 0.2018801
vt -0.0423234 0.2029893
vt -0.04507324 0.1999152
vt -0.04371868 0.1987036
vt 0.2806864 -0.1808735
vt 0.2870995 -0.1763267
vt 0.2861701 -0.1748007
vt 0.2797812 -0.1793815
vt 0.2721234 -0.158506
vt 0.273756 -0.1577074
vt 0.2725543 -0.1563332
vt 0.2709396 -0.1571673
vt -0.2865153 -0.1770765
vt -0.2803165 -0.1814437
vt -0.2793843 -0.1799217
vt -0.2855596 -0.1755213
vt -0.2952248 -0.131009
vt -0.2936211 -0.1319083
vt -0.2923728 -0.1306885
vt -0.2939559 -0.1297536
vt 0.05042946 0.210458
vt 0.04540849 0.2161402
vt 0.04404659 0.2149368
vt 0.04925212 0.2090457
vt -0.04052343 0.1996454
vt -0.04201007 0.2006998
vt -0.04574167 0.1958296
vt -0.04434279 0.1946694
vt 0.259754 -0.1775589
vt 0.2669305 -0.1728118
vt 0.2656267 -0.1699769
vt 0.2584499 -0.1747235
vt -0.178532 -9.764977E-05
vt -0.2653621 -0.1764246
vt -0.2637317 -0.1772275
vt -0.1769016 -0.0009005352
vt 0.2637348 -0.1772246
vt 0.2653653 -0.1764217
vt 0.1785338 -9.541165E-05
vt 0.1769034 -0.0008983103
vt 0.1529407 0.004604359
vt 0.1475551 0.001388195
vt 0.2542833 -0.1636565
vt -0.2544972 -0.1634766
vt -0.1477229 0.001538309
vt -0.1529922 0.004681298
vt -0.1339915 0.01742194
vt -0.1358914 0.01499212
vt -0.1300349 0.01137998
vt -0.2580157 -0.1630521
vt -0.2539116 -0.1656299
vt -0.2470072 -0.1699668
vt -0.1477706 -0.000460343
vt -0.148829 -0.001579178
vt -0.2513247 -0.1692852
vt -0.1430776 -0.005356516
vt 0.1485749 -0.001411143
vt 0.1429379 -0.005112124
vt 0.2398417 -0.1759678
vt 0.2544402 -0.1654862
vt 0.2581617 -0.1631473
vt 0.1535735 0.0032618
vt 0.2471551 -0.1700649
vt 0.1836585 -0.007129507
vt 0.1821006 -0.008065131
vt 0.1830792 -0.01088882
vt 0.184685 -0.01003804
vt 0.1338852 0.006031225
vt 0.1356344 0.003783453
vt 0.141335 0.007385753
vt -0.1730214 -0.02069914
vt -0.1746229 -0.01982934
vt -0.1756391 -0.02259044
vt -0.1739945 -0.02337577
vt -0.04504195 0.1905674
vt -0.04080684 0.1958151
vt -0.04226032 0.1969061
vt -0.04657799 0.1915484
vt -0.1398571 0.007497459
vt -0.1379905 0.009771792
vt -0.1436997 0.0136126
vt 0.1391501 0.01927121
vt 0.1373343 0.02164491
vt 0.1316946 0.01794786
vt 0.04776739 0.1986584
vt 0.04477825 0.2024734
vt 0.04334766 0.2013525
vt 0.04605857 0.1978926
vt 0.1920646 -0.20946
vt 0.1938863 -0.2090269
vt 0.1925797 -0.2060726
vt 0.1907869 -0.2066131
vt -0.266145 -0.1731094
vt -0.2593393 -0.1775993
vt -0.2579878 -0.1746645
vt -0.2647941 -0.1701753
vt -0.2527848 -0.1678175
vt -0.2510878 -0.168468
vt -0.2495796 -0.1657355
vt -0.2512339 -0.1649829
vt 0.07936604 0.1973271
vt 0.07480268 0.2040838
vt 0.07304411 0.2034405
vt 0.07785995 0.1963099
vt -0.1701752 0.004740856
vt -0.1718197 0.005514665
vt -0.1723806 0.00436567
vt -0.1707168 0.003634389
vt 0.06490345 0.1816067
vt 0.06292311 0.1843033
vt 0.06116997 0.1836202
vt 0.06343861 0.180531
vt -0.1779251 -0.00286608
vt -0.2615702 -0.1808355
vt -0.2599253 -0.1816085
vt -0.1762803 -0.003639124
vt 0.2599288 -0.1816053
vt 0.2615736 -0.1808322
vt 0.1779269 -0.002863612
vt 0.1762821 -0.003636674
vt 0.1395467 -0.003267974
vt 0.1349534 -0.00597849
vt 0.241696 -0.1711318
vt -0.1375986 -0.005099286
vt -0.1440593 -0.0007073911
vt -0.2500551 -0.166341
vt -0.2462153 -0.1687982
vt -0.2419233 -0.1715448
vt -0.2391053 -0.1733482
vt -0.1331095 -0.007714625
vt -0.06508306 0.1818008
vt -0.0606001 0.1880304
vt -0.06208519 0.189078
vt -0.06664742 0.182736
vt 0.142753 -0.001924186
vt 0.1363938 -0.006221308
vt 0.2372336 -0.1748751
vt 0.2423563 -0.1712975
vt 0.2465031 -0.1686435
vt 0.2500776 -0.1663559
vt 0.1440752 -0.0007264704
vt 0.239128 -0.1733635
vt -0.1376234 -0.008553305
vt -0.1420421 -0.005819707
vt -0.1426589 -0.007020567
vt -0.1382029 -0.009693009
vt 0.1632722 -0.003776703
vt 0.1615929 -0.004485012
vt 0.1621179 -0.005679854
vt 0.1638142 -0.005013158
vt 0.1421479 -0.005863235
vt 0.1376155 -0.008674309
vt 0.1381674 -0.009775678
vt 0.1427381 -0.007027287
vt -0.04882877 0.1880214
vt -0.05033056 0.1890541
vt -0.0535324 0.1849619
vt -0.05211683 0.1838222
vt 0.2626956 -0.1762515
vt 0.26621 -0.1738726
vt 0.2655404 -0.172748
vt 0.2620423 -0.175151
vt 0.06292304 0.1843044
vt 0.05990689 0.1884115
vt 0.05825568 0.1875896
vt 0.0611699 0.1836213
vt 0.2543091 -0.1788283
vt 0.2559876 -0.1781314
vt 0.2552769 -0.1769667
vt 0.2536207 -0.1777149
vt -0.2656299 -0.1739581
vt -0.2618502 -0.1765068
vt -0.2611728 -0.1753585
vt -0.264935 -0.172784
vt -0.2176001 -0.2103385
vt -0.2158386 -0.2108851
vt -0.2152658 -0.2097407
vt -0.2170107 -0.2091427
vt 0.07111857 0.1929766
vt 0.06853132 0.1967301
vt 0.067035 0.1956986
vt 0.06944354 0.1922044
vt 0.2215529 0.04233297
vt 0.2236247 0.03891134
vt 0.2380005 0.04738765
vt 0.2359287 0.05080928
vt -0.1887639 -0.01006771
vt -0.204386 -0.004219654
vt -0.2058519 -0.007941373
vt -0.1902297 -0.01378943
vt 0.1583853 0.006349273
vt 0.1210705 -0.01696614
vt 0.1231901 -0.02035839
vt 0.1605048 0.002957019
vt -0.1607857 0.007405514
vt -0.1629009 0.004010539
vt -0.1206798 -0.02239927
vt -0.1185645 -0.01900429
vt -0.06630997 0.2233859
vt -0.07722535 0.2360099
vt -0.09294169 0.1883609
vt 0.06634815 0.2234149
vt 0.09297986 0.1883898
vt 0.07726354 0.2360389
vt -0.07911997 0.2356318
vt -0.109154 0.195907
vt -0.09452993 0.1878828
vt 0.09458814 0.187918
vt 0.1092122 0.1959422
vt 0.07917817 0.235667
vt 0.1991346 0.01964093
vt 0.2008234 0.01601492
vt 0.2163926 0.02315588
vt 0.2147038 0.02678188
vt -0.1602528 -0.02773742
vt -0.1772462 -0.02375034
vt -0.1782243 -0.02762891
vt -0.1612309 -0.03161598
vt 0.1505249 0.01501316
vt 0.117913 -0.004888722
vt 0.1200136 -0.008292772
vt 0.1526255 0.01160911
vt -0.1522211 0.01594237
vt -0.1543217 0.01253832
vt -0.1168772 -0.01056812
vt -0.1147766 -0.007164067
vt -0.09134747 0.2186656
vt -0.1144932 0.1812453
vt -0.09798387 0.1755783
vt 0.09804179 0.1756141
vt 0.1145511 0.1812811
vt 0.09140541 0.2187013
vt -0.09412757 0.1771129
vt -0.07347178 0.2092526
vt -0.08674543 0.2200787
vt 0.08675253 0.2201069
vt 0.07347889 0.2092808
vt 0.09413469 0.1771411
vt 0.2797662 -0.1421205
vt 0.2814435 -0.1457519
vt 0.2970353 -0.1386603
vt 0.295358 -0.135029
vt -0.2501282 -0.1689186
vt -0.2656219 -0.1628756
vt -0.2670491 -0.1666123
vt -0.2515554 -0.1726553
vt 0.2536394 -0.1429809
vt 0.2198932 -0.1620164
vt 0.221794 -0.1655359
vt 0.2555402 -0.1465004
vt -0.2574739 -0.1404605
vt -0.2593856 -0.1439741
vt -0.2233289 -0.1641569
vt -0.2214172 -0.1606433
vt -0.06273193 0.2394957
vt -0.08716218 0.2061701
vt -0.07343109 0.1967877
vt 0.07343516 0.1967313
vt 0.08716626 0.2061137
vt 0.06273598 0.2394392
vt -0.08209818 0.195925
vt -0.05961534 0.2274793
vt -0.07240549 0.2388726
vt 0.07247327 0.2388308
vt 0.05968313 0.2274376
vt 0.08216601 0.1958833
vt 0.3090357 -0.1165987
vt 0.311079 -0.1200374
vt 0.3255249 -0.1116811
vt 0.3234816 -0.1082424
vt -0.2456287 -0.1794401
vt -0.2611714 -0.1733841
vt -0.2626868 -0.177086
vt -0.2471441 -0.1831419
vt 0.2602957 -0.1525792
vt 0.2247124 -0.1730049
vt 0.2266167 -0.1765225
vt 0.2622 -0.1560968
vt -0.2627032 -0.1516573
vt -0.2646044 -0.1551766
vt -0.2239403 -0.1784066
vt -0.2220391 -0.1748873
vt -0.04268292 0.2331156
vt -0.05305861 0.2461868
vt -0.06928735 0.2018813
vt 0.04279831 0.2330833
vt 0.0694028 0.2018491
vt 0.05317401 0.2461545
vt -0.05110399 0.2461003
vt -0.08170916 0.2106528
vt -0.06752934 0.2018674
vt 0.06763168 0.2018307
vt 0.0818115 0.2106162
vt 0.0512063 0.2460637
vt -0.07442947 0.1850502
vt -0.07230941 0.1886734
vt -0.09857763 0.2040438
vt -0.1006977 0.2004206
vt 0.07442947 0.1850502
vt 0.1006977 0.2004206
vt 0.09857763 0.2040438
vt 0.07230942 0.1886734
vt 0.1561389 -0.01436661
vt 0.1607832 -0.02136089
vt 0.1642803 -0.01903878
vt 0.1596361 -0.01204449
vt -0.1561389 -0.0143666
vt -0.1596361 -0.01204449
vt -0.1642803 -0.01903877
vt -0.1607831 -0.02136089
vt -0.1826054 -0.03455248
vt -0.2109741 -0.02353033
vt -0.2140147 -0.03135618
vt -0.185646 -0.04237833
vt 0.1826054 -0.03455249
vt 0.185646 -0.04237833
vt 0.2140147 -0.03135618
vt 0.2109741 -0.02353034
vt 0.1482221 -0.09123847
vt 0.1473768 -0.0916191
vt 0.1478725 -0.09394637
vt 0.1487478 -0.09364104
vt 0.2313154 0.01717744
vt 0.230713 0.01647278
vt 0.2319876 0.01464322
vt 0.2326969 0.01524011
vt 0.2226283 0.04452245
vt 0.2220745 0.04377908
vt 0.2234634 0.04224726
vt 0.2241387 0.04288224
vt 0.1619659 -0.01922423
vt 0.1612647 -0.0198306
vt 0.1624752 -0.02136609
vt 0.1632446 -0.02084913
vt 0.03440391 -0.109108
vt 0.0335039 -0.1093303
vt 0.03420192 -0.1111349
vt 0.03510664 -0.1109326
vt -0.1466281 -0.0909204
vt -0.1474746 -0.09054251
vt -0.1478262 -0.09252577
vt -0.1469499 -0.09282829
vt -0.2308943 0.01684986
vt -0.2314949 0.01755603
vt -0.2327265 0.01577748
vt -0.2320188 0.01517875
vt -0.2220991 0.04369537
vt -0.222653 0.04443863
vt -0.2242348 0.04273383
vt -0.2235592 0.04209913
vt -0.1643883 -0.02252016
vt -0.1650848 -0.02190842
vt -0.1666028 -0.02381722
vt -0.1658369 -0.0243395
vt -0.03572411 -0.1154473
vt -0.03662268 -0.1152193
vt -0.03745638 -0.1175331
vt -0.03655294 -0.117741
vt 0.04137063 0.1973502
vt 0.04050627 0.1970151
vt 0.04000395 0.196236
vt 0.04005554 0.1953104
vt 0.04064135 0.1945919
vt 0.0415376 0.1943549
vt 0.04240196 0.19469
vt 0.04290429 0.1954692
vt 0.0428527 0.1963948
vt 0.04226689 0.1971133
vt 0.02016761 -0.05049908
vt 0.01954311 -0.05118421
vt 0.0194406 -0.05210558
vt 0.0198992 -0.05291123
vt 0.02074381 -0.05329345
vt 0.02165176 -0.05310624
vt 0.02227627 -0.05242109
vt 0.02237877 -0.05149972
vt 0.02192014 -0.05069407
vt 0.02107557 -0.05031186
vt -0.2130526 -0.03025239
vt -0.2124776 -0.03097955
vt -0.2106448 -0.02955107
vt -0.2111399 -0.02876736
vt -0.2348824 0.03760814
vt -0.2343403 0.03685619
vt -0.2324355 0.03790905
vt -0.2328515 0.03873744
vt -0.2275376 0.01368072
vt -0.226914 0.01299483
vt -0.2251673 0.01404086
vt -0.2256793 0.01481368
vt -0.1689719 -0.1024738
vt -0.168163 -0.1029268
vt -0.1668809 -0.1014499
vt -0.167647 -0.1009279
vt 0.07937063 -0.1729568
vt 0.08022498 -0.1725969
vt 0.0796957 -0.1707031
vt 0.07884558 -0.1710728
vt 0.2143049 -0.02882932
vt 0.2148691 -0.02809378
vt 0.2132302 -0.02683947
vt 0.2127464 -0.02763023
vt 0.2340467 0.03722791
vt 0.234588 0.03798039
vt 0.2326527 0.03904945
vt 0.2322373 0.03822072
vt 0.2271443 0.01332824
vt 0.2277663 0.0140156
vt 0.2257659 0.01525208
vt 0.2252558 0.01447801
vt 0.1683632 -0.1030926
vt 0.1691719 -0.1026392
vt 0.1676354 -0.1007537
vt 0.1668696 -0.1012761
vt -0.07735628 -0.1716157
vt -0.07649769 -0.1719654
vt -0.07581575 -0.1696419
vt -0.07667024 -0.1692823
vt -0.2320157 0.01135122
vt -0.2316993 0.01047994
vt -0.2293317 0.01089783
vt -0.229537 0.01180174
vt -0.2333918 0.04074105
vt -0.2329831 0.03990906
vt -0.2307816 0.04013523
vt -0.2310056 0.04103472
vt -0.2324848 0.02813301
vt -0.2320382 0.02732064
vt -0.2300259 0.02749437
vt -0.230286 0.02838418
vt -0.2290583 -0.02050952
vt -0.2286499 -0.02134161
vt -0.2267743 -0.02105344
vt -0.2270667 -0.02017382
vt 0.2258709 -0.0453
vt 0.2260693 -0.04439443
vt 0.2242493 -0.04387784
vt 0.2240453 -0.04478217
vt 0.2322073 0.02388595
vt 0.2324704 0.02477469
vt 0.2304745 0.02496083
vt 0.2303222 0.02404652
vt 0.2325038 0.04052425
vt 0.2329107 0.04135712
vt 0.230727 0.04157234
vt 0.2305047 0.04067245
vt 0.2321605 0.0268703
vt 0.2326086 0.02768187
vt 0.2302419 0.02800714
vt 0.2299803 0.02711779
vt 0.223812 -0.04192477
vt 0.2242978 -0.04113529
vt 0.2219008 -0.04037892
vt 0.2215271 -0.04122722
vt -0.1939724 -0.1169323
vt -0.1934764 -0.1177155
vt -0.1914131 -0.1162698
vt -0.1919141 -0.1154898
vt -0.2129715 0.0918523
vt -0.2130973 0.09093415
vt -0.2107711 0.09003431
vt -0.210528 0.09092858
vt -0.2262686 0.04815341
vt -0.2260742 0.04724742
vt -0.2239111 0.04653454
vt -0.2238727 0.04746037
vt -0.2307297 0.03816573
vt -0.2305085 0.0372655
vt -0.2286407 0.03642152
vt -0.228604 0.0373478
vt -0.1832403 0.142057
vt -0.1836287 0.1412159
vt -0.1825052 0.1396885
vt -0.1819729 0.1404466
vt 0.08286989 0.2084288
vt 0.08201821 0.2087949
vt 0.08106677 0.2071849
vt 0.08190767 0.2067947
vt 0.1915955 0.1130976
vt 0.1913557 0.1139925
vt 0.1896532 0.1129838
vt 0.1899989 0.1121242
vt 0.2229261 0.04894424
vt 0.2231133 0.04985157
vt 0.2210529 0.0491171
vt 0.2210959 0.04819164
vt 0.2307615 0.03665642
vt 0.230985 0.03755609
vt 0.2287001 0.0367598
vt 0.2287345 0.03583341
vt 0.2076515 0.1094158
vt 0.2074127 0.1103112
vt 0.2053616 0.1087404
vt 0.2057618 0.1079047
vt -0.1255007 0.1971633
vt -0.1262682 0.1966434
vt -0.1246011 0.1946322
vt -0.1238501 0.1951757
vt -0.1880689 0.1094971
vt -0.1884255 0.108642
vt -0.1861048 0.1070169
vt -0.1855637 0.107769
vt -0.2196706 0.04578917
vt -0.2197172 0.04486395
vt -0.2175508 0.04359245
vt -0.2171789 0.04444092
vt -0.2280106 0.04344264
vt -0.2280714 0.0425176
vt -0.2263402 0.04114976
vt -0.2259579 0.04199432
vt -0.1598456 0.154219
vt -0.160467 0.1535315
vt -0.1597281 0.1516404
vt -0.1589814 0.1521891
vt 0.05012301 0.1979881
vt 0.04924051 0.198272
vt 0.04838086 0.1964164
vt 0.04926776 0.1961465
vt 0.1700186 0.1142711
vt 0.1696012 0.1150977
vt 0.1678918 0.1136425
vt 0.1684787 0.1129262
vt 0.2172785 0.04473756
vt 0.2172293 0.04566247
vt 0.2150152 0.04437504
vt 0.2153878 0.04352704
vt 0.2283154 0.04235908
vt 0.2282553 0.04328419
vt 0.2258289 0.04174443
vt 0.2262105 0.04089956
vt 0.1776637 0.1430335
vt 0.1771061 0.1437738
vt 0.1754182 0.1412226
vt 0.1761158 0.1406123
vt -0.06965878 0.2087635
vt -0.0705176 0.2084144
vt -0.06915226 0.2056943
vt -0.06828769 0.2060289
vt 0.1145141 -0.08751544
vt 0.1135879 -0.08755553
vt 0.1139883 -0.0899011
vt 0.1149144 -0.08994207
vt 0.219549 0.002876975
vt 0.2187077 0.002487624
vt 0.2198243 0.0005576157
vt 0.2207179 0.0008043936
vt 0.2334031 0.04007369
vt 0.2326541 0.03952749
vt 0.2339026 0.03787924
vt 0.2347356 0.03828595
vt 0.1865952 -0.01206447
vt 0.1858515 -0.01261786
vt 0.1868963 -0.01427053
vt 0.1877016 -0.01381131
vt 0.06486796 -0.09761037
vt 0.06401731 -0.09797893
vt 0.06451415 -0.09984891
vt 0.06537277 -0.09949933
vt -0.1135959 -0.08953322
vt -0.1145221 -0.08949314
vt -0.1149226 -0.09146711
vt -0.1139964 -0.09142616
vt -0.2185872 0.002627912
vt -0.2194289 0.003016356
vt -0.2205204 0.001148536
vt -0.2196266 0.000902627
vt -0.2327264 0.03941715
vt -0.2334753 0.03996351
vt -0.2348576 0.0380934
vt -0.2340247 0.03768669
vt -0.1832881 -0.009922377
vt -0.1840349 -0.009373227
vt -0.1853318 -0.01143864
vt -0.1845236 -0.01189265
vt -0.06043319 -0.09195067
vt -0.06128707 -0.09158967
vt -0.06196751 -0.0939531
vt -0.06110578 -0.09429492
vt -0.1002699 0.1944437
vt -0.1006087 0.1935807
vt -0.1003755 0.1926835
vt -0.09965941 0.1920947
vt -0.09873402 0.1920392
vt -0.09795276 0.1925383
vt -0.09761404 0.1934012
vt -0.09784724 0.1942984
vt -0.09856328 0.1948873
vt -0.09948867 0.1949427
vt 0.1021713 -0.1378511
vt 0.1025691 -0.1370138
vt 0.1023988 -0.1361025
vt 0.1017253 -0.1354654
vt 0.100806 -0.1353458
vt 0.099992 -0.1357894
vt 0.09959418 -0.1366268
vt 0.09976454 -0.137538
vt 0.100438 -0.1381751
vt 0.1013573 -0.1382947
vt -0.1514579 0.04585889
vt -0.1505953 0.04551933
vt -0.1495355 0.04758734
vt -0.1503575 0.04801593
vt -0.227132 0.05624926
vt -0.2262516 0.05595919
vt -0.2254894 0.05799779
vt -0.2263127 0.05842379
vt -0.2230619 -0.006998175
vt -0.2221423 -0.007115328
vt -0.2219772 -0.005086111
vt -0.2228683 -0.004830382
vt -0.1158502 -0.05437665
vt -0.1149308 -0.05425782
vt -0.1154059 -0.05236063
vt -0.1163321 -0.05239858
vt 0.02795511 -0.014085
vt 0.02883824 -0.013803
vt 0.02798856 -0.01202966
vt 0.02710875 -0.01232186
vt 0.1489801 0.04911048
vt 0.1498424 0.04945071
vt 0.1488894 0.05128131
vt 0.1480676 0.05085234
vt 0.2261766 0.0562373
vt 0.2270568 0.05652828
vt 0.2262793 0.05859802
vt 0.2254563 0.05817131
vt 0.2220689 -0.00697992
vt 0.2229885 -0.0068635
vt 0.2227611 -0.004522808
vt 0.2218698 -0.00477792
vt 0.1149201 -0.05430552
vt 0.1158395 -0.05442431
vt 0.1163552 -0.05204742
vt 0.1154289 -0.0520095
vt -0.03016008 -0.0177641
vt -0.02927729 -0.01804714
vt -0.02828304 -0.01583916
vt -0.02916249 -0.01554591
vt -0.1368807 0.0908524
vt -0.1359857 0.09061088
vt -0.135473 0.09295979
vt -0.1363308 0.093311
vt -0.2275742 0.05664426
vt -0.2266522 0.05654872
vt -0.2267371 0.05876018
vt -0.2276182 0.05904809
vt -0.2200734 0.006428552
vt -0.2191513 0.006524034
vt -0.2197509 0.008452735
vt -0.2206718 0.00855923
vt -0.1280737 0.02434143
vt -0.127176 0.0245724
vt -0.1279503 0.02630482
vt -0.1288709 0.02619712
vt -0.002305584 0.08058839
vt -0.001424337 0.08087622
vt -0.002109172 0.08263986
vt -0.002992172 0.08235747
vt 0.1319162 0.1014951
vt 0.1328091 0.101744
vt 0.1324111 0.1037087
vt 0.1315555 0.1033523
vt 0.2265041 0.05725456
vt 0.227426 0.05735138
vt 0.2275123 0.05954392
vt 0.2266315 0.05925512
vt 0.2191433 0.00621732
vt 0.2200654 0.006121837
vt 0.2206627 0.008434903
vt 0.2197418 0.008328399
vt 0.1254525 0.01529843
vt 0.12635 0.01506635
vt 0.1272408 0.01741665
vt 0.1263201 0.01752425
vt -0.004521279 0.06330436
vt -0.003638836 0.06302023
vt -0.002770922 0.06538536
vt -0.00365515 0.0656639
vt -0.1223588 0.1520298
vt -0.1214451 0.1518752
vt -0.1212858 0.1543643
vt -0.1221719 0.1546354
vt -0.2284595 0.06053392
vt -0.2275454 0.06068549
vt -0.228518 0.06274488
vt -0.229441 0.06282678
vt -0.2204193 0.01272887
vt -0.219558 0.01307172
vt -0.2209754 0.01455226
vt -0.2218979 0.01446136
vt -0.1540402 0.08142518
vt -0.1532076 0.08183149
vt -0.154539 0.08318148
vt -0.1554308 0.08293048
vt -0.04913836 0.1677959
vt -0.04829804 0.1681874
vt -0.04925184 0.169796
vt -0.05010299 0.1694287
vt 0.1118758 0.1725691
vt 0.1127829 0.1727575
vt 0.1126796 0.1747336
vt 0.1118017 0.1744376
vt 0.2276706 0.06123198
vt 0.2285847 0.06108061
vt 0.2295559 0.06304061
vt 0.2286329 0.06296111
vt 0.2194725 0.01270673
vt 0.2203337 0.01236366
vt 0.2218501 0.0142493
vt 0.2209275 0.01434037
vt 0.1470513 0.06858324
vt 0.1478864 0.06818144
vt 0.149461 0.07022952
vt 0.1485661 0.07047003
vt 0.03013141 0.1434414
vt 0.03098795 0.1430868
vt 0.03214324 0.1454298
vt 0.03127605 0.1457575
vt -0.1311066 0.1687612
vt -0.1301841 0.1688475
vt -0.1304121 0.1716714
vt -0.1313302 0.1717963
vt -0.2318816 0.04621572
vt -0.23111 0.04672838
vt -0.232736 0.04864293
vt -0.2336394 0.04843748
vt -0.220645 0.01583773
vt -0.2199561 0.01645799
vt -0.2217843 0.0176931
vt -0.2226474 0.01735474
vt -0.1752294 0.08789343
vt -0.1745223 0.08849236
vt -0.17619 0.08965019
vt -0.177003 0.0892055
vt -0.07934063 0.1853627
vt -0.07853409 0.1858198
vt -0.07977827 0.1874428
vt -0.08057743 0.186973
vt 0.1293695 0.179542
vt 0.1302921 0.1794636
vt 0.1305245 0.1816964
vt 0.1296068 0.1815727
vt 0.231413 0.0446336
vt 0.2321808 0.04411557
vt 0.233843 0.04606403
vt 0.2329418 0.04627769
vt 0.2197762 0.01620284
vt 0.2204651 0.0155825
vt 0.2226695 0.01742603
vt 0.2218065 0.0177645
vt 0.1661917 0.08175334
vt 0.1669088 0.0811661
vt 0.1691462 0.08325224
vt 0.1683239 0.08367992
vt 0.05585036 0.1723782
vt 0.05668806 0.1719811
vt 0.05824926 0.1745937
vt 0.05741838 0.1750048
vt -0.1105293 -0.1214993
vt -0.1114435 -0.1213453
vt -0.1115411 -0.1237228
vt -0.1106439 -0.123956
vt -0.2191008 -0.005974751
vt -0.2198306 -0.005403173
vt -0.2210401 -0.007276432
vt -0.2204133 -0.007959487
vt -0.2170904 0.0437024
vt -0.2177355 0.04436803
vt -0.219194 0.04290235
vt -0.2186753 0.04213408
vt -0.1683083 -0.004322485
vt -0.1690173 -0.003725363
vt -0.1703867 -0.005120974
vt -0.1697553 -0.005799597
vt -0.06709059 -0.09954852
vt -0.06794487 -0.09918848
vt -0.06895296 -0.10084
vt -0.06810689 -0.1012189
vt 0.110864 -0.1201296
vt 0.1099495 -0.1202816
vt 0.1099651 -0.1222957
vt 0.1108629 -0.1220644
vt 0.2203734 -0.005226136
vt 0.2196455 -0.005800243
vt 0.2208154 -0.00761998
vt 0.2214399 -0.006934812
vt 0.2184157 0.0436181
vt 0.2177697 0.04295325
vt 0.2194277 0.04132239
vt 0.2199471 0.04209014
vt 0.1727339 -0.006594486
vt 0.172028 -0.007195354
vt 0.1737407 -0.008931643
vt 0.1743681 -0.008249214
vt 0.07175888 -0.1047368
vt 0.07090832 -0.1051056
vt 0.07214899 -0.1072292
vt 0.0729911 -0.1068415
vt -0.06055418 0.1754479
vt -0.06012774 0.176271
vt -0.06026656 0.1771876
vt -0.06091763 0.1778476
vt -0.06183227 0.1779988
vt -0.06266112 0.1775835
vt -0.06308755 0.1767603
vt -0.06294874 0.1758438
vt -0.06229765 0.1751838
vt -0.06138302 0.1750326
vt -0.04622486 -0.05883052
vt -0.04533065 -0.05858599
vt -0.04475093 -0.05786257
vt -0.04470714 -0.05693654
vt -0.04521603 -0.05616164
vt -0.04608321 -0.05583387
vt -0.04697743 -0.05607838
vt -0.04755714 -0.05680182
vt -0.04760091 -0.05772784
vt -0.04709203 -0.05850272
vt 0.2162101 -0.01445531
vt 0.2166492 -0.01363883
vt 0.2147208 -0.01234226
vt 0.2141981 -0.01310792
vt 0.2297208 0.02900622
vt 0.2301311 0.02983746
vt 0.2282191 0.03087714
vt 0.2276822 0.03012147
vt 0.2169988 -0.01398932
vt 0.217546 -0.01324104
vt 0.2158496 -0.01211528
vt 0.2151949 -0.01277157
vt 0.1276359 -0.14404
vt 0.1284873 -0.1436731
vt 0.1275094 -0.1419794
vt 0.1266291 -0.1422704
vt -0.1338703 -0.140426
vt -0.13314 -0.1409971
vt -0.1321527 -0.1392966
vt -0.1328895 -0.1387339
vt -0.2184934 -0.01219689
vt -0.2180635 -0.01301822
vt -0.2163444 -0.0118763
vt -0.2168582 -0.01110467
vt -0.2304227 0.02965491
vt -0.2300123 0.02882371
vt -0.2280706 0.02988114
vt -0.2286075 0.03063684
vt -0.2182807 -0.01310468
vt -0.217736 -0.01385479
vt -0.2157938 -0.01252876
vt -0.2164464 -0.01187035
vt -0.1286695 -0.1439074
vt -0.1278182 -0.1442746
vt -0.1266684 -0.1421313
vt -0.1275485 -0.14184
vt 0.1294985 -0.1412967
vt 0.1302378 -0.1407374
vt 0.1290035 -0.138654
vt 0.1282578 -0.1392048
vt 0.2316973 0.01670233
vt 0.2318865 0.01760976
vt 0.2295118 0.0179853
vt 0.2292109 0.01710851
vt 0.2317091 0.02867861
vt 0.2319349 0.02957765
vt 0.2297339 0.02980829
vt 0.2293235 0.02897712
vt 0.2300091 0.003689724
vt 0.2302836 0.004575198
vt 0.2282744 0.004781573
vt 0.2278146 0.003976564
vt 0.2196406 -0.06515296
vt 0.2200228 -0.06430849
vt 0.2181873 -0.06382699
vt 0.2176946 -0.06461214
vt -0.2316827 -0.009277803
vt -0.2315647 -0.01019732
vt -0.2297041 -0.009854384
vt -0.2298164 -0.008934151
vt -0.2325276 0.02743253
vt -0.2323778 0.02651785
vt -0.2303813 0.02669884
vt -0.2306422 0.02758826
vt -0.232018 0.02953538
vt -0.231792 0.0286364
vt -0.2296093 0.02886031
vt -0.2300194 0.02969154
vt -0.2301409 0.004097953
vt -0.2298643 0.003213144
vt -0.2275035 0.003578331
vt -0.2279651 0.004382219
vt -0.2069149 -0.09187486
vt -0.206422 -0.09265994
vt -0.2041602 -0.09156355
vt -0.2047555 -0.09085296
vt 0.2200276 -0.05851235
vt 0.2203411 -0.05763993
vt 0.2180064 -0.05669321
vt 0.2176984 -0.0575676
vt 0.2147489 0.07681824
vt 0.2145712 0.07772777
vt 0.2121859 0.0769987
vt 0.2122449 0.07607385
vt 0.2263234 0.02959333
vt 0.2263153 0.03051991
vt 0.2241301 0.02987814
vt 0.2239062 0.02897899
vt 0.2342321 0.01799734
vt 0.2341953 0.01892362
vt 0.2323276 0.01807936
vt 0.2321065 0.01717909
vt 0.1629466 0.1676439
vt 0.1622546 0.1682598
vt 0.1615113 0.1665155
vt 0.1620821 0.1657858
vt -0.1215318 0.1866299
vt -0.1222415 0.1860335
vt -0.1209023 0.1847281
vt -0.1201759 0.1853041
vt -0.1967048 0.09539888
vt -0.1969634 0.09450923
vt -0.1951692 0.09367456
vt -0.1950195 0.09458885
vt -0.2241379 0.03081865
vt -0.224145 0.02989221
vt -0.2220576 0.02923829
vt -0.22228 0.03013767
vt -0.2340657 0.01813993
vt -0.2340994 0.01721352
vt -0.2318138 0.01641909
vt -0.2320381 0.01731857
vt -0.1945267 0.1327299
vt -0.1950817 0.1319878
vt -0.1933748 0.1300486
vt -0.1929666 0.1308805
vt 0.1681898 0.1598188
vt 0.1676324 0.1605595
vt 0.1654467 0.1591287
vt 0.166027 0.1584058
vt 0.1947974 0.0906717
vt 0.1943322 0.0914729
vt 0.1918643 0.09008174
vt 0.1921358 0.08919596
vt 0.2233624 0.02544969
vt 0.2230279 0.02631358
vt 0.2208081 0.02513783
vt 0.2208143 0.02421146
vt 0.2364289 0.02818323
vt 0.2360383 0.02902392
vt 0.2343209 0.0276387
vt 0.2343911 0.02671431
vt 0.1455073 0.175294
vt 0.1446669 0.1756845
vt 0.1443159 0.1736848
vt 0.1450608 0.1731335
vt -0.0789821 0.1880753
vt -0.07978906 0.1876189
vt -0.07854638 0.1859948
vt -0.07774677 0.1864639
vt -0.1774229 0.09605075
vt -0.1779271 0.09527412
vt -0.1760676 0.09401636
vt -0.175744 0.09488393
vt -0.2214703 0.02560647
vt -0.2218025 0.02474185
vt -0.2195302 0.02356029
vt -0.2195247 0.0244865
vt -0.2362022 0.02884471
vt -0.2365921 0.02800361
vt -0.2341808 0.02644019
vt -0.2341117 0.02736466
vt -0.1620499 0.1669607
vt -0.1628552 0.1665018
vt -0.1617098 0.1636653
vt -0.1610158 0.1642796
vt 0.109323 0.1908507
vt 0.1085703 0.191392
vt 0.1065648 0.1891027
vt 0.1073082 0.1885488
vt -0.1351594 -0.08484545
vt -0.1360863 -0.08485979
vt -0.1365539 -0.08719288
vt -0.1356292 -0.08725958
vt -0.2191258 0.008966102
vt -0.2200052 0.009259381
vt -0.2212215 0.007390544
vt -0.2204017 0.006957638
vt -0.2168645 0.03399182
vt -0.2176748 0.03444206
vt -0.2190088 0.03286224
vt -0.2182898 0.03227714
vt -0.1625068 -0.02699392
vt -0.1632894 -0.02649717
vt -0.1644112 -0.0280986
vt -0.1636945 -0.02868652
vt -0.03738035 -0.110469
vt -0.03823088 -0.1101002
vt -0.03876964 -0.1119585
vt -0.03792751 -0.1123461
vt 0.1361507 -0.08679479
vt 0.1352237 -0.08678067
vt 0.1356812 -0.08874221
vt 0.1366059 -0.08867534
vt 0.2197944 0.009485138
vt 0.2189147 0.009192907
vt 0.2201021 0.007384605
vt 0.2209224 0.007816458
vt 0.2171431 0.03525128
vt 0.2163329 0.03480104
vt 0.2178123 0.03300674
vt 0.2185312 0.03359199
vt 0.1596683 -0.02283759
vt 0.1588819 -0.02332845
vt 0.1602728 -0.02533175
vt 0.1609935 -0.0247487
vt 0.03407081 -0.1035656
vt 0.03321644 -0.1039254
vt 0.0339463 -0.106274
vt 0.03479242 -0.1058952
vt 0.1147185 0.1682151
vt 0.1156419 0.1682979
vt 0.1163401 0.1689077
vt 0.1165467 0.1698115
vt 0.1161825 0.170664
vt 0.1153868 0.1711397
vt 0.1144635 0.1710568
vt 0.1137652 0.170447
vt 0.1135587 0.1695433
vt 0.1139228 0.1686907
vt -0.07255457 -0.1401817
vt -0.0734779 -0.1402647
vt -0.07417611 -0.1408745
vt -0.0743825 -0.1417783
vt -0.07401823 -0.1426308
vt -0.07322247 -0.1431064
vt -0.07229913 -0.1430234
vt -0.07160094 -0.1424135
vt -0.07139455 -0.1415097
vt -0.07175879 -0.1406572
vt 0.1196245 0.03632604
vt 0.1204305 0.03678408
vt 0.1192966 0.0388124
vt 0.1184468 0.03844187
vt 0.2030549 0.06114677
vt 0.2038539 0.06161674
vt 0.2029825 0.06361108
vt 0.202119 0.06327374
vt 0.2206382 0.006857651
vt 0.2215137 0.007162252
vt 0.2212367 0.009179235
vt 0.220325 0.009011443
vt 0.1353355 -0.05307302
vt 0.1362625 -0.05308702
vt 0.1366884 -0.05117819
vt 0.1357662 -0.05108315
vt 0.00084624 -0.02517724
vt 0.001723126 -0.02547807
vt 0.002590181 -0.02371314
vt 0.001709864 -0.02342249
vt -0.118254 0.04112407
vt -0.1174481 0.04066594
vt -0.1164301 0.04246121
vt -0.1172797 0.04283212
vt -0.2033315 0.06275812
vt -0.2025329 0.06228741
vt -0.2016443 0.06431194
vt -0.2025074 0.0646502
vt -0.2213832 0.007493622
vt -0.2205074 0.007189844
vt -0.2201514 0.009514471
vt -0.2210633 0.009681324
vt -0.13627 -0.05313442
vt -0.135343 -0.05312045
vt -0.1357972 -0.05073103
vt -0.1367194 -0.05082602
vt -0.0002512094 -0.02971124
vt 0.0006252181 -0.02940906
vt -0.0003914272 -0.0272113
vt -0.001271299 -0.02750329
vt 0.1013741 0.0863353
vt 0.1022194 0.08671562
vt 0.1016267 0.08904563
vt 0.1007406 0.08877365
vt 0.2024304 0.06784634
vt 0.2032942 0.06818267
vt 0.2032565 0.07039541
vt 0.2023412 0.07024892
vt 0.2183264 0.01731194
vt 0.2192408 0.01746458
vt 0.2197427 0.01942098
vt 0.218817 0.01946999
vt 0.1454309 0.02033582
vt 0.146354 0.02025219
vt 0.1470829 0.02200424
vt 0.1461794 0.0222117
vt 0.03195585 0.06948932
vt 0.03283811 0.06920464
vt 0.03352752 0.07096649
vt 0.03264703 0.07125662
vt -0.09710366 0.09911571
vt -0.0962606 0.0987305
vt -0.09579638 0.1006806
vt -0.09668029 0.1009596
vt -0.2027625 0.07002214
vt -0.2018991 0.06968475
vt -0.2018632 0.07187869
vt -0.2027783 0.07202668
vt -0.2192732 0.01706032
vt -0.2183588 0.01690761
vt -0.218839 0.01924781
vt -0.2197648 0.01919884
vt -0.1449332 0.01104399
vt -0.14401 0.01112777
vt -0.1448399 0.01350029
vt -0.145743 0.01329148
vt -0.02675059 0.05107152
vt -0.02586746 0.05135353
vt -0.02674468 0.05371523
vt -0.027626 0.05342763
vt 0.0831065 0.1535761
vt 0.08398202 0.1538799
vt 0.08373052 0.1563613
vt 0.08282313 0.1561729
vt 0.2036708 0.08316426
vt 0.2045869 0.08330332
vt 0.2054298 0.08541916
vt 0.204508 0.08551367
vt 0.2197238 0.02507433
vt 0.2206497 0.02502942
vt 0.2219917 0.02657858
vt 0.2211144 0.02687819
vt 0.1679821 0.07418939
vt 0.1688817 0.0739684
vt 0.1701672 0.07536221
vt 0.1693215 0.07574041
vt 0.07610755 0.1546943
vt 0.07696237 0.1543356
vt 0.07789981 0.1559539
vt 0.07705555 0.1563368
vt -0.07231515 0.1768085
vt -0.07144935 0.1764787
vt -0.07126973 0.1784493
vt -0.0721689 0.1786726
vt -0.2044222 0.08682986
vt -0.2035062 0.08669147
vt -0.20435 0.08870959
vt -0.2052718 0.08861702
vt -0.2205724 0.02449694
vt -0.2196465 0.02454202
vt -0.2210672 0.02650075
vt -0.2219444 0.02620093
vt -0.1636709 0.06091245
vt -0.1627689 0.06112481
vt -0.1642786 0.06322122
vt -0.1651258 0.06284577
vt -0.06007247 0.1295857
vt -0.05920382 0.1299094
vt -0.06034848 0.1322577
vt -0.06120662 0.131907
vt 0.08943212 0.179581
vt 0.09034321 0.1797491
vt 0.09043763 0.1825806
vt 0.08951214 0.1826233
vt 0.2126911 0.07741591
vt 0.2136061 0.07727082
vt 0.2151016 0.079289
vt 0.2142977 0.07974936
vt 0.2223139 0.03032743
vt 0.2231927 0.03003253
vt 0.2249571 0.03135728
vt 0.2242381 0.0319424
vt 0.1878267 0.08219149
vt 0.188657 0.08178014
vt 0.1902765 0.08300464
vt 0.1895456 0.08357441
vt 0.1040791 0.1729326
vt 0.1048885 0.1724807
vt 0.1060962 0.174131
vt 0.1052797 0.17457
vt -0.08730406 0.1939573
vt -0.08639447 0.1937839
vt -0.08650509 0.1960261
vt -0.08743064 0.1959979
vt -0.2146703 0.07743393
vt -0.2137567 0.07758609
vt -0.2152832 0.07964259
vt -0.2160843 0.07917771
vt -0.2230871 0.02973204
vt -0.2222083 0.03002706
vt -0.2243181 0.03197822
vt -0.2250371 0.03139299
vt -0.1817207 0.07533558
vt -0.180883 0.07573217
vt -0.1830406 0.07790063
vt -0.1837792 0.07734066
vt -0.08483136 0.159634
vt -0.08399522 0.1600344
vt -0.08552241 0.1626671
vt -0.08636518 0.1622808
vt -0.09293552 0.1902797
vt -0.09529673 0.191829
vt -0.09571787 0.1911807
vt -0.09335668 0.1896313
vt 0.09322427 0.1899573
vt 0.09364543 0.1893089
vt 0.09600661 0.1908583
vt 0.09558546 0.1915067
vt 0.2012331 -0.01124204
vt 0.2021999 -0.01344176
vt 0.2048149 -0.0123754
vt 0.2038482 -0.01017567
vt -0.2012818 -0.01137103
vt -0.2038969 -0.01030466
vt -0.2048637 -0.01250439
vt -0.2022486 -0.01357075
vt -0.05148846 0.1931291
vt -0.05199506 0.1925453
vt -0.05015097 0.1925007
vt -0.04981042 0.1931946
vt 0.22742 0.03524568
vt 0.2287001 0.03321228
vt 0.2299278 0.03409543
vt 0.1389966 0.1784134
vt 0.1393037 0.1777038
vt 0.1399537 0.1793732
vt -0.2355043 0.03764808
vt -0.2342217 0.03967992
vt -0.2356619 0.04058503
vt -0.1356345 0.1794128
vt -0.135318 0.1801183
vt -0.1363374 0.1809618
vt 0.174771 -0.01168196
vt 0.1759832 -0.013743
vt 0.1765368 -0.01321914
vt 0.1753876 -0.01111392
vt 0.2320766 0.03897478
vt 0.2307157 0.04094085
vt 0.2295681 0.0401235
vt -0.1461166 0.1701292
vt -0.1466056 0.1714506
vt -0.1471732 0.1709256
vt 0.1509402 0.1696137
vt 0.1503799 0.1701464
vt 0.1499394 0.1686995
vt -0.2323461 0.04157267
vt -0.2337049 0.03960511
vt -0.2321987 0.03863518
vt 0.1286991 0.1722641
vt 0.1293031 0.1717816
vt 0.1292247 0.1730914
vt 0.1284586 0.1729874
vt -0.2080504 0.01631469
vt -0.2067281 0.01830686
vt -0.2077324 0.01925112
vt -0.2090029 0.01721688
vt -0.1299896 0.1730995
vt -0.1293875 0.1735845
vt -0.1290983 0.1743716
vt -0.1298648 0.1744726
vt 0.09330209 -0.06838301
vt 0.09407509 -0.07065354
vt 0.09490268 -0.07012341
vt 0.09409687 -0.06786747
vt 0.1347214 0.1784214
vt 0.1354896 0.1785069
vt 0.1347717 0.1794629
vt 0.134064 0.1791519
vt -0.1140692 -0.05986081
vt -0.1131981 -0.05762606
vt -0.1141673 -0.05698844
vt -0.1150704 -0.05920723
vt -0.1354064 0.1781231
vt -0.134638 0.1780387
vt -0.1340053 0.1787436
vt -0.1347135 0.1790534
vt 0.2065909 -0.0127382
vt 0.2075641 -0.01492717
vt 0.2083107 -0.01472632
vt 0.2073375 -0.01253735
vt -0.06395281 -0.08519063
vt -0.06407242 -0.08759017
vt -0.06213205 -0.08762846
vt -0.06210889 -0.08523171
vt 0.05570421 0.1923892
vt 0.05520428 0.1929787
vt 0.05343335 0.1929923
vt 0.05376554 0.1922943
vt 0.0467983 -0.08971907
vt 0.04677273 -0.08731673
vt 0.0450938 -0.0873041
vt 0.04502774 -0.08970001
vt -0.1058683 0.1880231
vt -0.1060666 0.1872758
vt -0.1047823 0.1877576
vt 0.01509965 -0.08131155
vt 0.01547655 -0.08367886
vt 0.0170055 -0.08317745
vt 0.149481 0.1665325
vt 0.1494162 0.167303
vt 0.1485746 0.1681476
vt -0.05497136 -0.07407273
vt -0.05440617 -0.07174318
vt -0.05601969 -0.07350471
vt -0.01944237 0.1935559
vt -0.01937563 0.1927858
vt -0.0176617 0.1937661
vt -0.01811991 0.1943886
vt -0.1160382 0.1647662
vt -0.1163371 0.1654792
vt -0.117134 0.1649877
vt -0.03154302 -0.09030502
vt -0.03237643 -0.08987841
vt -0.03306765 -0.09214403
vt -0.006154255 -0.1012808
vt -0.006636438 -0.0989617
vt -0.00796085 -0.09931867
vt 0.0851521 0.1802433
vt 0.08492739 0.1795035
vt 0.08641395 0.1788877
vt 0.1343069 -0.03405402
vt 0.1354685 -0.03611839
vt 0.1371199 -0.03536234
vt 0.00410862 0.1950199
vt 0.00413955 0.1957924
vt 0.003044635 0.1966954
vt 0.002614757 0.1960528
vt -0.1494647 -0.02471711
vt -0.1482515 -0.02268269
vt -0.1507196 -0.02405407
vt 0.2137627 -0.002614648
vt 0.2131631 -0.003102817
vt 0.2143723 -0.005164618
vt 0.2149719 -0.004676447
vt -0.1257902 -0.06397764
vt -0.1271956 -0.06329391
vt -0.1281881 -0.06546833
vt 0.1199813 -0.07118956
vt 0.1190342 -0.06899498
vt 0.1172202 -0.06977505
vt -0.04988504 0.1853532
vt -0.04743833 0.1887644
vt -0.07216909 0.206503
vt -0.07461579 0.2030919
vt 0.04988505 0.1853532
vt 0.0746158 0.2030919
vt 0.0721691 0.206503
vt 0.04743833 0.1887644
vt 0.2352778 -0.1379027
vt 0.2398699 -0.1449314
vt 0.2433842 -0.1426353
vt 0.2387922 -0.1356067
vt -0.2352778 -0.1379027
vt -0.2387922 -0.1356067
vt -0.2433842 -0.1426353
vt -0.2398699 -0.1449313
vt -0.2381234 -0.1580203
vt -0.2656821 -0.1451057
vt -0.2692448 -0.1527082
vt -0.2416861 -0.1656227
vt 0.2381234 -0.1580203
vt 0.2416861 -0.1656228
vt 0.2692448 -0.1527082
vt 0.2656822 -0.1451058
vt 0.1317969 -0.2244936
vt 0.1308762 -0.2246018
vt 0.1314482 -0.2269115
vt 0.1323749 -0.2268842
vt 0.281141 -0.1155457
vt 0.2803239 -0.1159837
vt 0.2815518 -0.1178449
vt 0.2824294 -0.1175461
vt 0.3160209 -0.06879786
vt 0.3152907 -0.06936876
vt 0.3165935 -0.07097439
vt 0.3174124 -0.07054009
vt 0.2712875 -0.1270711
vt 0.2705464 -0.127628
vt 0.271599 -0.1292757
vt 0.2724021 -0.1288126
vt 0.1149919 -0.2346651
vt 0.1141267 -0.2349982
vt 0.114546 -0.2368871
vt 0.1154183 -0.2365732
vt -0.1311507 -0.226507
vt -0.1320713 -0.2263983
vt -0.1326172 -0.2283371
vt -0.1316905 -0.228365
vt -0.280007 -0.1158262
vt -0.2808245 -0.1153891
vt -0.2820236 -0.1171897
vt -0.2811457 -0.1174876
vt -0.3154642 -0.0696806
vt -0.3161944 -0.06910968
vt -0.3176382 -0.07093284
vt -0.3168192 -0.07136699
vt -0.2675439 -0.1264824
vt -0.2682888 -0.1259307
vt -0.2695928 -0.1279916
vt -0.2687862 -0.1284484
vt -0.1097671 -0.2298115
vt -0.1106351 -0.229486
vt -0.1112174 -0.2318755
vt -0.1103423 -0.2321815
vt -0.07641228 0.1977728
vt -0.0768304 0.1969454
vt -0.07668234 0.1960303
vt -0.07602462 0.195377
vt -0.07510851 0.195235
vt -0.07428391 0.1956586
vt -0.07386579 0.196486
vt -0.07401386 0.1974012
vt -0.07467157 0.1980545
vt -0.07558769 0.1981965
vt 0.1604662 -0.2616276
vt 0.1608961 -0.2608063
vt 0.1607612 -0.2598891
vt 0.1601129 -0.2592264
vt 0.1591989 -0.2590714
vt 0.1583683 -0.2594832
vt 0.1579384 -0.2603045
vt 0.1580734 -0.2612217
vt 0.1587217 -0.2618844
vt 0.1596356 -0.2620394
vt -0.2296576 -0.07291976
vt -0.2287918 -0.07325113
vt -0.2277516 -0.07117318
vt -0.2285776 -0.0707524
vt -0.3122716 -0.05326311
vt -0.311399 -0.05357595
vt -0.3105842 -0.05155783
vt -0.3113962 -0.0511106
vt -0.2870457 -0.1248979
vt -0.2861348 -0.1250701
vt -0.2858482 -0.1230544
vt -0.2867223 -0.1227457
vt -0.1296163 -0.189551
vt -0.128691 -0.1894931
vt -0.1290398 -0.1875687
vt -0.1299666 -0.1875454
vt 0.07098471 -0.1475615
vt 0.07187884 -0.1473167
vt 0.07110412 -0.1455094
vt 0.07021287 -0.1457645
vt 0.2268785 -0.06889736
vt 0.2277443 -0.0685658
vt 0.2268097 -0.06672574
vt 0.2259836 -0.06714644
vt 0.3113509 -0.05310637
vt 0.3122232 -0.05279275
vt 0.3113924 -0.05074381
vt 0.3105808 -0.05119163
vt 0.2859327 -0.1250068
vt 0.2868438 -0.1248355
vt 0.2864765 -0.1225126
vt 0.2856022 -0.1228207
vt 0.1286841 -0.1895218
vt 0.1296093 -0.1895797
vt 0.1299671 -0.187174
vt 0.1290403 -0.1871972
vt -0.07340695 -0.1519968
vt -0.07251309 -0.1522427
vt -0.07161195 -0.1499951
vt -0.07250289 -0.1497388
vt -0.2127895 -0.01364357
vt -0.2118911 -0.01387193
vt -0.2114129 -0.01151574
vt -0.2122758 -0.01117718
vt -0.3126034 -0.05123094
vt -0.3116843 -0.0513512
vt -0.3117098 -0.04913827
vt -0.3125829 -0.0488268
vt -0.2809173 -0.1101057
vt -0.2799913 -0.1100627
vt -0.2804805 -0.108103
vt -0.2813938 -0.1079445
vt -0.1401789 -0.08941843
vt -0.1392689 -0.08924221
vt -0.1399369 -0.08746609
vt -0.1408624 -0.08751786
vt 0.03633148 -0.02178794
vt 0.03722525 -0.02154168
vt 0.03662376 -0.01974791
vt 0.03572851 -0.01998863
vt 0.2072127 0.001855102
vt 0.2081095 0.00208943
vt 0.2077436 0.004060344
vt 0.2068823 0.003717874
vt 0.3115526 -0.05015439
vt 0.3124716 -0.05003291
vt 0.3124991 -0.04783884
vt 0.3116264 -0.04815114
vt 0.2800137 -0.1104577
vt 0.2809397 -0.1105006
vt 0.2814047 -0.1081574
vt 0.2804913 -0.108316
vt 0.1375972 -0.1022531
vt 0.1385071 -0.1024304
vt 0.1392537 -0.1000303
vt 0.1383282 -0.09997879
vt -0.04397884 -0.04694458
vt -0.04308442 -0.04718843
vt -0.04232457 -0.0447864
vt -0.04322052 -0.04454822
vt -0.1973771 0.08286215
vt -0.1964601 0.08272843
vt -0.1963576 0.0852205
vt -0.1972497 0.0854713
vt -0.3128761 -0.03875748
vt -0.3119577 -0.03863461
vt -0.3128653 -0.03654575
vt -0.3137853 -0.03643496
vt -0.281958 -0.1012849
vt -0.2810791 -0.1009901
vt -0.2824126 -0.0994336
vt -0.2833387 -0.09947342
vt -0.1728281 0.003053426
vt -0.1719713 0.003405691
vt -0.1732137 0.00483802
vt -0.1741197 0.004644533
vt -0.0171753 0.1274868
vt -0.01631077 0.1278214
vt -0.01715525 0.12949
vt -0.01802898 0.1291802
vt 0.1864025 0.1205663
vt 0.1873147 0.1207279
vt 0.1872697 0.1227062
vt 0.1863835 0.1224361
vt 0.3119949 -0.03563379
vt 0.3129133 -0.03575553
vt 0.3138207 -0.03376516
vt 0.3129007 -0.03387446
vt 0.2809611 -0.1015231
vt 0.2818399 -0.1018181
vt 0.2832497 -0.09985146
vt 0.2823236 -0.09981153
vt 0.1643548 -0.02040545
vt 0.1652133 -0.02075437
vt 0.1666571 -0.01861205
vt 0.1657489 -0.01842783
vt -0.004378624 0.07953489
vt -0.003503137 0.07923001
vt -0.002484131 0.08163543
vt -0.003368689 0.08191288
vt -0.2088927 0.1190996
vt -0.2079725 0.1192075
vt -0.2082662 0.1220252
vt -0.2091868 0.1221287
vt -0.3148874 -0.05209053
vt -0.3140963 -0.05160858
vt -0.3156459 -0.04963162
vt -0.3165565 -0.04980144
vt -0.2835324 -0.0964609
vt -0.282811 -0.09587879
vt -0.2845698 -0.09454667
vt -0.2854499 -0.09483789
vt -0.2039992 0.02335887
vt -0.203254 0.02390972
vt -0.2048415 0.02517532
vt -0.2056821 0.02478538
vt -0.05276073 0.1760703
vt -0.05191848 0.1764576
vt -0.0530211 0.1781799
vt -0.0538571 0.1777793
vt 0.2081348 0.1434698
vt 0.209055 0.1433662
vt 0.2093481 0.1455919
vt 0.2084274 0.1454933
vt 0.3141765 -0.05265987
vt 0.3149648 -0.05314615
vt 0.3165461 -0.05113149
vt 0.3156369 -0.05095478
vt 0.2826023 -0.09619617
vt 0.2833237 -0.09677836
vt 0.2854252 -0.09481832
vt 0.2845452 -0.09452701
vt 0.1917224 0.00803511
vt 0.1924759 0.0074954
vt 0.1945739 0.009721619
vt 0.1937258 0.01009532
vt 0.02564516 0.1394948
vt 0.02650878 0.1391577
vt 0.02788191 0.1418739
vt 0.02702409 0.1422255
vt -0.1357051 -0.2539917
vt -0.1366022 -0.2537578
vt -0.1369087 -0.2561175
vt -0.1360355 -0.2564288
vt -0.2898286 -0.1190577
vt -0.290523 -0.1184435
vt -0.2918423 -0.1202411
vt -0.2912575 -0.1209604
vt -0.3024437 -0.06817064
vt -0.3030714 -0.06748854
vt -0.3045673 -0.06891605
vt -0.3040687 -0.06969745
vt -0.2508018 -0.124809
vt -0.2515115 -0.1242126
vt -0.2528795 -0.1256094
vt -0.2522474 -0.1262875
vt -0.1178684 -0.2361234
vt -0.1187367 -0.2357986
vt -0.1196764 -0.2374899
vt -0.1188155 -0.2378339
vt 0.1354505 -0.2530106
vt 0.1345527 -0.2532416
vt 0.1347437 -0.2552467
vt 0.1356179 -0.2549382
vt 0.2913712 -0.1179034
vt 0.2906789 -0.1185199
vt 0.2919554 -0.1202665
vt 0.2925378 -0.1195453
vt 0.3036974 -0.06825346
vt 0.3030691 -0.06893499
vt 0.3047691 -0.07052194
vt 0.3052683 -0.06974086
vt 0.2558733 -0.1260076
vt 0.2551677 -0.1266089
vt 0.2568813 -0.1283442
vt 0.2575083 -0.1276615
vt 0.1234315 -0.2401961
vt 0.1225666 -0.2405298
vt 0.1237196 -0.2427023
vt 0.1245768 -0.2423493
vt -0.0313092 0.1529124
vt -0.03082142 0.1537008
vt -0.0308902 0.1546253
vt -0.03148923 0.1553328
vt -0.03238973 0.1555531
vt -0.03324773 0.155202
vt -0.03373552 0.1544136
vt -0.03366674 0.1534891
vt -0.0330677 0.1527816
vt -0.03216721 0.1525614
vt -0.09207737 -0.1974577
vt -0.09119391 -0.1971768
vt -0.09064431 -0.1964302
vt -0.0906385 -0.1955032
vt -0.09117869 -0.1947498
vt -0.09205855 -0.1944578
vt -0.09294201 -0.1947387
vt -0.09349161 -0.1954853
vt -0.09349743 -0.1964123
vt -0.09295723 -0.1971657
vt 0.3034307 -0.1029664
vt 0.303848 -0.1021386
vt 0.301886 -0.1008935
vt 0.3013838 -0.1016727
vt 0.308841 -0.07762812
vt 0.309218 -0.07678124
vt 0.3072662 -0.07581832
vt 0.3067597 -0.07659473
vt 0.2838914 -0.1306261
vt 0.2843921 -0.1298459
vt 0.2826306 -0.1288252
vt 0.2820169 -0.1295201
vt 0.1673478 -0.2627645
vt 0.1681529 -0.2623048
vt 0.1669916 -0.2607311
vt 0.1661495 -0.2611186
vt -0.2027988 -0.2437288
vt -0.2020523 -0.2442784
vt -0.2011149 -0.2425499
vt -0.2018677 -0.2420089
vt -0.3054987 -0.09835306
vt -0.3050922 -0.09918618
vt -0.3033416 -0.09809314
vt -0.3038334 -0.09730735
vt -0.3092942 -0.07673129
vt -0.3089173 -0.07757825
vt -0.3069349 -0.07659935
vt -0.3074411 -0.07582279
vt -0.2854848 -0.1294312
vt -0.2849866 -0.1302129
vt -0.2829675 -0.1290071
vt -0.2835789 -0.1283104
vt -0.1684326 -0.262448
vt -0.1676278 -0.2629082
vt -0.1662452 -0.2609071
vt -0.1670872 -0.2605191
vt 0.1971988 -0.2470489
vt 0.1979549 -0.2465125
vt 0.196785 -0.2443923
vt 0.1960227 -0.2449199
vt 0.3115255 -0.04455205
vt 0.311671 -0.04363659
vt 0.309281 -0.0433753
vt 0.3090225 -0.0442655
vt 0.308576 -0.07705624
vt 0.3087634 -0.07614843
vt 0.3065546 -0.07601143
vt 0.3061799 -0.07685928
vt 0.3057556 -0.1036042
vt 0.30598 -0.1027047
vt 0.3039624 -0.1026113
vt 0.3035485 -0.1034408
vt 0.3011258 -0.1067069
vt 0.3013566 -0.1058092
vt 0.2994656 -0.1056516
vt 0.2991157 -0.10651
vt -0.3103938 0.0189264
vt -0.3103884 0.01799936
vt -0.3085 0.01811369
vt -0.3084996 0.01904075
vt -0.3088389 -0.02749906
vt -0.3087377 -0.0284204
vt -0.3067345 -0.0283453
vt -0.3069479 -0.02744333
vt -0.3083068 -0.07581897
vt -0.3081198 -0.07672685
vt -0.3059294 -0.07659709
vt -0.3063034 -0.07574896
vt -0.3056952 -0.1033666
vt -0.3054687 -0.1042655
vt -0.303091 -0.1040336
vt -0.3035068 -0.103205
vt -0.2860718 -0.1456909
vt -0.2857241 -0.1465501
vt -0.2833053 -0.145867
vt -0.2837668 -0.1450631
vt 0.3099853 -0.0646324
vt 0.310231 -0.0637385
vt 0.3078305 -0.06297369
vt 0.3075905 -0.06386911
vt 0.266391 0.03497957
vt 0.2661516 0.03587485
vt 0.2638217 0.03498469
vt 0.2639437 0.03406603
vt 0.2932191 -0.07406588
vt 0.2931641 -0.0731409
vt 0.2910142 -0.07389253
vt 0.2908361 -0.07480187
vt 0.3129665 -0.08581415
vt 0.3128824 -0.08489096
vt 0.3110603 -0.08582959
vt 0.3108855 -0.08673997
vt 0.2456098 0.1445052
vt 0.2449256 0.1451298
vt 0.2441604 0.1433949
vt 0.244722 0.1426581
vt -0.1039537 0.2091568
vt -0.1047257 0.2086435
vt -0.1035409 0.2071965
vt -0.1027546 0.2076876
vt -0.2349764 0.05348978
vt -0.2352976 0.05262075
vt -0.2335672 0.05166077
vt -0.2333529 0.05256211
vt -0.2885703 -0.07235442
vt -0.2886257 -0.07327924
vt -0.2865751 -0.07404096
vt -0.2867504 -0.07313123
vt -0.312592 -0.08587261
vt -0.3126732 -0.08679606
vt -0.3104315 -0.08770696
vt -0.3106092 -0.08679713
vt -0.2770788 0.108331
vt -0.277649 0.1076005
vt -0.2759825 0.1056264
vt -0.2755572 0.1064497
vt 0.1661691 0.2092395
vt 0.1655103 0.2098918
vt 0.1635545 0.2081601
vt 0.1642332 0.2075286
vt 0.2320765 0.03833375
vt 0.2315578 0.03910145
vt 0.2291903 0.03754562
vt 0.2295214 0.03668036
vt 0.2861689 -0.08187084
vt 0.2857889 -0.08102596
vt 0.2836348 -0.08231812
vt 0.2836903 -0.08324286
vt 0.31662 -0.07442739
vt 0.3161899 -0.07360612
vt 0.31454 -0.07507098
vt 0.3146538 -0.07599102
vt 0.2260483 0.1384964
vt 0.225216 0.1389038
vt 0.2248246 0.1369116
vt 0.2255581 0.1363453
vt -0.05185525 0.1777847
vt -0.05269757 0.1773975
vt -0.05159522 0.175675
vt -0.05075914 0.1760755
vt -0.2053805 0.03750043
vt -0.205936 0.03675962
vt -0.2041657 0.03537914
vt -0.2037843 0.03622287
vt -0.2827557 -0.08204452
vt -0.283134 -0.08288996
vt -0.2809288 -0.08419241
vt -0.2808733 -0.08326784
vt -0.3163073 -0.0738094
vt -0.3167365 -0.07463109
vt -0.3144021 -0.07630703
vt -0.3142892 -0.07538688
vt -0.2442803 0.1339817
vt -0.2450804 0.1335139
vt -0.2439036 0.1306902
vt -0.2432164 0.1313122
vt 0.08775055 0.2053824
vt 0.08694582 0.2058427
vt 0.08518858 0.2033577
vt 0.08598543 0.2028839
vt -0.1659362 -0.217936
vt -0.1668614 -0.2178783
vt -0.1675086 -0.2201681
vt -0.166592 -0.2203064
vt -0.289169 -0.1069704
vt -0.2900314 -0.1066303
vt -0.2913462 -0.1084311
vt -0.2905509 -0.1089074
vt -0.3023158 -0.07717113
vt -0.303114 -0.0766999
vt -0.3044888 -0.07824437
vt -0.3037854 -0.07884803
vt -0.2439061 -0.1468379
vt -0.2446903 -0.1463437
vt -0.2458069 -0.1479487
vt -0.2450883 -0.1485343
vt -0.07662436 -0.2499152
vt -0.07749255 -0.2495901
vt -0.07793618 -0.2514734
vt -0.07707545 -0.2518177
vt 0.1672342 -0.2196213
vt 0.1663089 -0.2196797
vt 0.1669185 -0.2215995
vt 0.167835 -0.2214605
vt 0.2896337 -0.1064798
vt 0.2887709 -0.1068189
vt 0.2900538 -0.1085608
vt 0.2908497 -0.1080856
vt 0.3026164 -0.07605024
vt 0.3018181 -0.07652129
vt 0.3033435 -0.07827672
vt 0.3040469 -0.07767306
vt 0.2403949 -0.1440775
vt 0.2396064 -0.1445648
vt 0.2409881 -0.1465744
vt 0.2417114 -0.1459946
vt 0.07249947 -0.2438323
vt 0.071628 -0.2441485
vt 0.07223828 -0.246531
vt 0.07310245 -0.2461955
vt 0.1038512 0.1665294
vt 0.1047631 0.1666965
vt 0.1054026 0.1673676
vt 0.1055255 0.1682865
vt 0.1050849 0.1691021
vt 0.104249 0.1695029
vt 0.1033371 0.1693359
vt 0.1026976 0.1686648
vt 0.1025746 0.1677459
vt 0.1030153 0.1669303
vt -0.1217389 -0.2667826
vt -0.1226568 -0.2669123
vt -0.1233232 -0.2675567
vt -0.1234836 -0.2684698
vt -0.1230766 -0.2693028
vt -0.1222577 -0.2697374
vt -0.1213398 -0.2696077
vt -0.1206734 -0.2689633
vt -0.1205131 -0.2680502
vt -0.12092 -0.2672172
vt 0.1918959 -0.08490787
vt 0.1927098 -0.08446413
vt 0.1916119 -0.0824161
vt 0.1907557 -0.08277157
vt 0.2890226 -0.04795084
vt 0.2898136 -0.04746754
vt 0.2889088 -0.04548811
vt 0.2880512 -0.04583989
vt 0.2925117 -0.1075916
vt 0.2933693 -0.1072397
vt 0.2929828 -0.1052408
vt 0.2920816 -0.105458
vt 0.1619807 -0.1863927
vt 0.1629064 -0.1863429
vt 0.1632 -0.1844093
vt 0.1622735 -0.1843779
vt -0.03084497 -0.1608625
vt -0.02995453 -0.1611205
vt -0.02917394 -0.1593157
vt -0.03006729 -0.159068
vt -0.1901525 -0.07924049
vt -0.1893384 -0.07968385
vt -0.1883533 -0.07787031
vt -0.1892095 -0.07751496
vt -0.289269 -0.04608167
vt -0.2884783 -0.04656557
vt -0.2875562 -0.0445561
vt -0.2884136 -0.04420353
vt -0.2931047 -0.1070726
vt -0.2922467 -0.1074235
vt -0.2917648 -0.1051217
vt -0.2926663 -0.1049055
vt -0.1629154 -0.1863775
vt -0.1619897 -0.1864273
vt -0.1622785 -0.1840123
vt -0.1632051 -0.1840437
vt 0.03162747 -0.1660743
vt 0.0325175 -0.1658149
vt 0.03160845 -0.1635705
vt 0.03071549 -0.1638196
vt 0.1707038 -0.01914494
vt 0.1715578 -0.01878436
vt 0.1710193 -0.0164412
vt 0.1701271 -0.01669253
vt 0.2882592 -0.03900973
vt 0.289117 -0.03865854
vt 0.289041 -0.03644677
vt 0.2881284 -0.03660905
vt 0.2872153 -0.0981354
vt 0.2881205 -0.0979353
vt 0.2885198 -0.09595539
vt 0.2875927 -0.0959547
vt 0.1695977 -0.09493439
vt 0.1705243 -0.09496115
vt 0.1711441 -0.09316765
vt 0.1702297 -0.09301607
vt 0.0047768 -0.0353156
vt 0.005672574 -0.03555439
vt 0.006270187 -0.03375932
vt 0.0053759 -0.033515
vt -0.1656862 -0.001200547
vt -0.1648338 -0.001564609
vt -0.1644184 0.0003964597
vt -0.165309 0.0006533068
vt -0.2885486 -0.03620095
vt -0.2876911 -0.03655306
vt -0.2876177 -0.03436005
vt -0.2885301 -0.03419642
vt -0.2881926 -0.09838407
vt -0.2872874 -0.09858426
vt -0.2876449 -0.09622221
vt -0.2885719 -0.0962228
vt -0.1692775 -0.1075212
vt -0.1683509 -0.1074945
vt -0.1690326 -0.1050753
vt -0.1699469 -0.105228
vt 0.001212625 -0.06146565
vt 0.002108826 -0.06122848
vt 0.0013517 -0.05882559
vt 0.0004570202 -0.05906844
vt 0.1512629 0.085728
vt 0.1521479 0.08600278
vt 0.1519783 0.08849116
vt 0.1510652 0.08833276
vt 0.2890411 -0.01292024
vt 0.2899543 -0.01276298
vt 0.2907549 -0.01063081
vt 0.2898315 -0.01055466
vt 0.2889335 -0.08866824
vt 0.2898605 -0.08866628
vt 0.2911225 -0.08705123
vt 0.2902312 -0.08679636
vt 0.1978828 -0.008303963
vt 0.1987946 -0.008467956
vt 0.1999899 -0.006996074
vt 0.1991221 -0.006671789
vt 0.05588222 0.1112309
vt 0.05675965 0.1109318
vt 0.05758378 0.1126106
vt 0.05671523 0.1129346
vt -0.1398213 0.1269225
vt -0.1389429 0.1266279
vt -0.138843 0.1286042
vt -0.1397504 0.128791
vt -0.2896731 -0.006357164
vt -0.28876 -0.006514155
vt -0.2895627 -0.004479303
vt -0.2904862 -0.004553122
vt -0.2897751 -0.08931527
vt -0.2888481 -0.08931715
vt -0.2901677 -0.08728896
vt -0.291059 -0.08754398
vt -0.1924186 -0.031397
vt -0.1915052 -0.03124082
vt -0.1928824 -0.02905508
vt -0.1937512 -0.02937743
vt -0.03728089 0.06294598
vt -0.03639422 0.06321655
vt -0.03739455 0.0656298
vt -0.03827236 0.06533173
vt 0.1613027 0.1330134
vt 0.1622193 0.1331485
vt 0.162416 0.1359747
vt 0.1614926 0.1360508
vt 0.2974943 -0.01661965
vt 0.2984129 -0.0167396
vt 0.2998525 -0.01468119
vt 0.2990363 -0.01424303
vt 0.2924577 -0.08203302
vt 0.29335 -0.08228426
vt 0.295047 -0.08087421
vt 0.2943 -0.08032522
vt 0.2267317 0.01268235
vt 0.2275867 0.01232485
vt 0.2291246 0.01365024
vt 0.2283589 0.01417218
vt 0.08922759 0.1598174
vt 0.09007207 0.1594349
vt 0.09113716 0.1611807
vt 0.0902867 0.1615497
vt -0.1605457 0.1619766
vt -0.1596296 0.161842
vt -0.1598353 0.1640775
vt -0.1607588 0.16401
vt -0.2993214 -0.01523269
vt -0.2984038 -0.01510676
vt -0.2998708 -0.01300738
vt -0.3006848 -0.01344912
vt -0.2932258 -0.082629
vt -0.2923335 -0.08237766
vt -0.2943445 -0.08032486
vt -0.2950915 -0.08087394
vt -0.2178479 -0.002659739
vt -0.216987 -0.002316551
vt -0.2190042 -1.68584E-05
vt -0.2197765 -0.000529325
vt -0.06636082 0.1235997
vt -0.06549804 0.1239388
vt -0.06683189 0.1266745
vt -0.06770027 0.1263499
vt 0.1822173 -0.2214175
vt 0.181406 -0.2218661
vt 0.1820907 -0.224145
vt 0.1829381 -0.2237689
vt 0.302946 -0.09708717
vt 0.3023819 -0.09782285
vt 0.303752 -0.09958209
vt 0.3044285 -0.09894835
vt 0.3082804 -0.06743945
vt 0.3077446 -0.06819586
vt 0.3091697 -0.06969399
vt 0.3098297 -0.06904303
vt 0.2422726 -0.1411444
vt 0.2415682 -0.141747
vt 0.2427704 -0.1432889
vt 0.2435426 -0.1427761
vt 0.07307763 -0.2488082
vt 0.07216746 -0.2489843
vt 0.07277259 -0.2508221
vt 0.07368647 -0.2506663
vt -0.1800644 -0.2215757
vt -0.1808774 -0.2211303
vt -0.1813891 -0.2230784
vt -0.1805403 -0.2234511
vt -0.3028281 -0.09726273
vt -0.3033904 -0.09652571
vt -0.3047146 -0.09823643
vt -0.3040396 -0.09887185
vt -0.3077129 -0.06817615
vt -0.3082486 -0.06741969
vt -0.3098713 -0.06908564
vt -0.3092113 -0.06973653
vt -0.2454124 -0.1430873
vt -0.2461113 -0.1424783
vt -0.2476217 -0.1443932
vt -0.2468537 -0.1449124
vt -0.07459394 -0.2543036
vt -0.07550313 -0.2541225
vt -0.07621574 -0.2564765
vt -0.07530273 -0.2566372
vt 0.00148132 0.1757148
vt 0.0006439172 0.1753171
vt 0.0002002177 0.1745031
vt 0.0003197194 0.1735838
vt 0.0009567371 0.1729103
vt 0.001867992 0.1727398
vt 0.002705395 0.1731376
vt 0.003149095 0.1739516
vt 0.003029593 0.1748709
vt 0.002392575 0.1755444
vt 0.05876033 -0.1903049
vt 0.05810484 -0.1909605
vt 0.05795987 -0.1918761
vt 0.05838078 -0.1927021
vt 0.05920681 -0.1931229
vt 0.06012245 -0.1929779
vt 0.06077794 -0.1923223
vt 0.0609229 -0.1914067
vt 0.06050199 -0.1905807
vt 0.05967597 -0.1901598
vt -0.3008311 -0.1132455
vt -0.3002734 -0.1139861
vt -0.2984074 -0.1126013
vt -0.2988839 -0.1118061
vt -0.3146753 -0.06257407
vt -0.3141626 -0.06334643
vt -0.3122185 -0.06236806
vt -0.3126022 -0.06152419
vt -0.2954313 -0.1024083
vt -0.2948462 -0.1031273
vt -0.2930449 -0.1021786
vt -0.2935137 -0.1013789
vt -0.2164827 -0.2202181
vt -0.2157215 -0.2207473
vt -0.2143023 -0.2194016
vt -0.2150142 -0.2188078
vt 0.1247059 -0.2889629
vt 0.1255819 -0.2886594
vt 0.1251771 -0.2867351
vt 0.1243047 -0.2870488
vt 0.3020812 -0.1089195
vt 0.3026263 -0.1081697
vt 0.3009557 -0.1069579
vt 0.3004924 -0.1077609
vt 0.3136411 -0.06262828
vt 0.3141527 -0.06185526
vt 0.3121772 -0.06086253
vt 0.3117945 -0.06170683
vt 0.2953949 -0.102685
vt 0.2959785 -0.1019647
vt 0.2939134 -0.1008394
vt 0.2934464 -0.1016402
vt 0.2160023 -0.2208318
vt 0.2167631 -0.2203021
vt 0.215051 -0.2185746
vt 0.2143394 -0.2191688
vt -0.1220189 -0.2893525
vt -0.1211395 -0.2896459
vt -0.1206091 -0.2872832
vt -0.1214851 -0.2869796
vt -0.3132108 -0.03608026
vt -0.3129397 -0.03696669
vt -0.3105537 -0.03667144
vt -0.3107122 -0.03575813
vt -0.3108659 -0.05789788
vt -0.3104922 -0.05874617
vt -0.3082832 -0.05861175
vt -0.3084695 -0.05770371
vt -0.3085174 -0.08298601
vt -0.3081113 -0.08381938
vt -0.3060929 -0.083745
vt -0.3063089 -0.08284345
vt -0.306398 -0.08487388
vt -0.3060826 -0.08574554
vt -0.3041868 -0.08566344
vt -0.3043816 -0.0847572
vt 0.3113094 0.01411271
vt 0.3113269 0.0150396
vt 0.309441 0.01519027
vt 0.3094178 0.0142635
vt 0.3095308 -0.01528683
vt 0.3097417 -0.01438424
vt 0.3077383 -0.01431485
vt 0.3076396 -0.01523647
vt 0.3094581 -0.05754819
vt 0.3098294 -0.05669888
vt 0.3076386 -0.0565761
vt 0.3074545 -0.05748457
vt 0.3081065 -0.08437493
vt 0.3085139 -0.08354223
vt 0.3061341 -0.08333427
vt 0.3059167 -0.08423547
vt 0.2990125 -0.1136162
vt 0.2994054 -0.1127766
vt 0.296938 -0.1122976
vt 0.2966632 -0.1131829
vt -0.2860236 -0.1378178
vt -0.2855671 -0.1386247
vt -0.2834343 -0.1372837
vt -0.2838959 -0.1364796
vt -0.2611586 0.06947821
vt -0.2613546 0.06857242
vt -0.2591044 0.06749661
vt -0.2587933 0.06836959
vt -0.2935933 -0.04630732
vt -0.2934447 -0.04722194
vt -0.2913202 -0.04804275
vt -0.2912353 -0.04712002
vt -0.3096116 -0.07087216
vt -0.3094311 -0.07178143
vt -0.3076032 -0.07270851
vt -0.3075248 -0.07178482
vt -0.2665502 0.09890149
vt -0.2669467 0.09806421
vt -0.2658383 0.09652589
vt -0.2652985 0.09727884
vt 0.04462461 0.233966
vt 0.04373615 0.2342306
vt 0.04297835 0.2325208
vt 0.04385891 0.2322311
vt 0.2249523 0.08914377
vt 0.224643 0.09001708
vt 0.223025 0.08887785
vt 0.2234371 0.08804806
vt 0.2878099 -0.04470174
vt 0.2879499 -0.04378591
vt 0.2859303 -0.04462624
vt 0.2860213 -0.04554822
vt 0.3095342 -0.0725075
vt 0.3097168 -0.07159865
vt 0.3074702 -0.07249743
vt 0.3075465 -0.07342131
vt 0.2907835 0.06354874
vt 0.2905148 0.06443558
vt 0.2885176 0.06279685
vt 0.2889456 0.06197499
vt -0.08852921 0.2568608
vt -0.0893754 0.2564822
vt -0.08808304 0.2542119
vt -0.08724906 0.2546167
vt -0.2213251 0.07369921
vt -0.2217438 0.07287275
vt -0.2195495 0.0710808
vt -0.2189544 0.07179086
vt -0.2830386 -0.05316409
vt -0.2831336 -0.05408561
vt -0.2810369 -0.05546884
vt -0.2806211 -0.05464102
vt -0.3084062 -0.06491537
vt -0.3085056 -0.06583706
vt -0.3068331 -0.06727608
vt -0.3064159 -0.06644822
vt -0.2419782 0.1009812
vt -0.2425956 0.1002901
vt -0.2418458 0.0984034
vt -0.2411022 0.09895638
vt 0.01129354 0.1885859
vt 0.01039079 0.1887967
vt 0.009685695 0.1868771
vt 0.01059168 0.1866806
vt 0.1940332 0.07032757
vt 0.1935574 0.07112195
vt 0.1919572 0.06954744
vt 0.1925941 0.06887527
vt 0.2792305 -0.05451243
vt 0.2791322 -0.05359144
vt 0.2769898 -0.05499468
vt 0.2774068 -0.05582169
vt 0.3087074 -0.06600868
vt 0.3086086 -0.06508691
vt 0.3062488 -0.06672695
vt 0.3066655 -0.06755509
vt 0.2609466 0.09198034
vt 0.2603856 0.0927181
vt 0.2587094 0.09015917
vt 0.2594098 0.08955213
vt -0.03029119 0.2247171
vt -0.03118187 0.22446
vt -0.03010921 0.2216117
vt -0.02921432 0.2218538
vt -0.06872842 0.1872683
vt -0.07094228 0.1890217
vt -0.07141949 0.1884134
vt -0.06920563 0.18666
vt 0.06904468 0.186973
vt 0.06952189 0.1863647
vt 0.07173575 0.1881181
vt 0.07125853 0.1887265
vt 0.2533937 -0.1333561
vt 0.2544967 -0.1354908
vt 0.2570396 -0.1342622
vt 0.2559366 -0.1321276
vt -0.2534504 -0.1334818
vt -0.2559933 -0.1322532
vt -0.2570964 -0.1343879
vt -0.2545535 -0.1356165
vt -0.01497851 0.1737647
vt -0.0155279 0.1732211
vt -0.01369251 0.1730368
vt -0.01330032 0.1737029
vt 0.312497 -0.07361716
vt 0.3138324 -0.0756147
vt 0.3150354 -0.07469821
vt 0.1298647 0.1928589
vt 0.1302435 0.1921849
vt 0.1307174 0.1939125
vt -0.3172525 -0.07106877
vt -0.3158991 -0.06908338
vt -0.3173065 -0.06812809
vt -0.1252769 0.1927673
vt -0.1248899 0.1934366
vt -0.1258174 0.1943802
vt 0.2574839 -0.1309046
vt 0.2586952 -0.1329662
vt 0.2592491 -0.1324426
vt 0.2581008 -0.1303369
vt 0.3164833 -0.07094304
vt 0.3150655 -0.06901754
vt 0.3139423 -0.06986805
vt -0.1429534 0.1776658
vt -0.1433107 0.1790286
vt -0.1439269 0.1785617
vt 0.1488167 0.1794665
vt 0.1482062 0.1799408
vt 0.1479119 0.1784573
vt -0.3160268 -0.06834945
vt -0.3174458 -0.07027401
vt -0.3159705 -0.07129008
vt 0.1204733 0.1637089
vt 0.121117 0.1632807
vt 0.1209251 0.1645788
vt 0.120171 0.1644087
vt -0.2946134 -0.09649859
vt -0.2932634 -0.0945252
vt -0.2942543 -0.09356692
vt -0.2955532 -0.09558312
vt -0.1217593 0.1667664
vt -0.1211168 0.1671964
vt -0.1207593 0.1679549
vt -0.1215139 0.1681231
vt 0.1543337 -0.2025082
vt 0.155038 -0.204801
vt 0.1558811 -0.204296
vt 0.1551436 -0.2020169
vt 0.1258467 0.1837516
vt 0.1266032 0.1839106
vt 0.1257967 0.1847931
vt 0.1251222 0.1844156
vt -0.181355 -0.1908745
vt -0.1805365 -0.18862
vt -0.1815204 -0.1880052
vt -0.1823712 -0.1902446
vt -0.1268999 0.182748
vt -0.1261431 0.1825906
vt -0.1254459 0.1832318
vt -0.1261213 0.1836079
vt 0.2603136 -0.134673
vt 0.2614236 -0.1367958
vt 0.262156 -0.136548
vt 0.261046 -0.1344251
vt -0.05984863 -0.2263116
vt -0.06012486 -0.2286982
vt -0.05819115 -0.2288632
vt -0.05801134 -0.2264731
vt 0.02022281 0.1747492
vt 0.01967892 0.1752984
vt 0.0179122 0.1751754
vt 0.01829723 0.1745051
vt 0.03641227 -0.2315973
vt 0.03623531 -0.2292014
vt 0.03455892 -0.2292946
vt 0.03464403 -0.2316899
vt -0.08626037 0.1912458
vt -0.08652823 0.1905205
vt -0.08520426 0.1908791
vt 0.04905753 -0.2229115
vt 0.04931413 -0.2252948
vt 0.0508665 -0.2248714
vt 0.1486823 0.1789486
vt 0.1485392 0.1797084
vt 0.1476159 0.1804628
vt -0.1029829 -0.2131046
vt -0.1025132 -0.2107539
vt -0.1040535 -0.2125798
vt 0.02543149 0.165257
vt 0.02544586 0.1644842
vt 0.02722231 0.165346
vt 0.02680737 0.1659981
vt -0.1075058 0.1439854
vt -0.1077465 0.1447201
vt -0.1085803 0.1442942
vt -0.07043467 -0.2311797
vt -0.0712878 -0.230794
vt -0.07186832 -0.2330905
vt 0.01748675 -0.2437806
vt 0.01714072 -0.2414373
vt 0.01579773 -0.2417163
vt 0.06271295 0.1610013
vt 0.06254757 0.160246
vt 0.06407826 0.1597499
vt 0.2077548 -0.1619181
vt 0.2088835 -0.1640006
vt 0.2105467 -0.1632708
vt -0.04532032 0.1659579
vt -0.04533988 0.1667308
vt -0.04649142 0.1675604
vt -0.04687843 0.1668911
vt -0.2264519 -0.1500753
vt -0.2252607 -0.1480279
vt -0.2277139 -0.1494258
vt 0.2740983 -0.1219758
vt 0.273529 -0.122499
vt 0.2748595 -0.1244846
vt 0.2754288 -0.1239614
vt -0.1960873 -0.1919077
vt -0.1975063 -0.1912527
vt -0.1984544 -0.1934468
vt 0.1876786 -0.2007255
vt 0.1867833 -0.1985093
vt 0.1849515 -0.1992466
o group272399213
g mesh272399213
usemtl mat18
f 4/4/1 3/3/1 2/2/1 1/1/1
f 8/8/2 7/7/2 6/6/2 5/5/2
f 2/12/3 8/11/3 5/10/3 1/9/3
f 12/16/4 11/15/4 10/14/4 9/13/4
f 5/22/5 6/21/5 12/20/5 9/19/5 13/18/5 1/17/5
f 14/28/6 10/27/6 11/26/6 7/25/6 8/24/6 2/23/6
f 13/32/7 9/31/7 10/30/7 14/29/7
f 3/36/8 15/35/8 14/34/8 2/33/8
f 15/40/9 16/39/9 13/38/9 14/37/9
f 16/44/10 4/43/10 1/42/10 13/41/10
f 16/48/11 15/47/11 3/46/11 4/45/11
f 18/52/12 17/51/12 12/50/12 6/49/12
f 17/56/13 19/55/13 11/54/13 12/53/13
f 19/60/14 20/59/14 7/58/14 11/57/14
f 20/64/15 18/63/15 6/62/15 7/61/15
f 20/68/16 19/67/16 17/66/16 18/65/16
f 24/72/17 23/71/17 22/70/17 21/69/17
f 28/76/18 27/75/18 26/74/18 25/73/18
f 22/80/19 29/79/19 25/78/19 21/77/19
f 33/84/20 32/83/20 31/82/20 30/81/20
f 24/87/21 21/86/21 25/85/21
f 29/90/22 22/89/22 23/88/22
f 34/93/23 31/92/23 23/91/23
f 32/97/24 35/96/24 29/95/24 23/94/24
f 31/100/25 32/99/25 23/98/25
f 30/103/26 24/102/26 25/101/26
f 26/107/27 33/106/27 30/105/27 25/104/27
f 34/111/28 36/110/28 30/109/28 31/108/28
f 37/114/29 24/113/29 30/112/29
f 37/118/30 38/117/30 23/116/30 24/115/30
f 37/122/31 36/121/31 34/120/31 38/119/31
f 23/125/32 38/124/32 34/123/32
f 30/128/33 36/127/33 37/126/33
f 35/132/34 32/131/34 33/130/34 26/129/34
f 27/136/35 39/135/35 35/134/35 26/133/35
f 39/140/36 40/139/36 29/138/36 35/137/36
f 40/144/37 28/143/37 25/142/37 29/141/37
f 40/148/38 39/147/38 27/146/38 28/145/38
f 44/152/39 43/151/39 42/150/39 41/149/39
f 48/156/40 47/155/40 46/154/40 45/153/40
f 42/160/41 48/159/41 45/158/41 41/157/41
f 52/164/42 51/163/42 50/162/42 49/161/42
f 53/167/43 41/166/43 45/165/43
f 55/174/44 50/173/44 51/172/44 54/171/44 47/170/44 48/169/44 42/168/44
f 53/178/45 49/177/45 50/176/45 55/175/45
f 49/181/46 53/180/46 45/179/46
f 46/186/47 56/185/47 52/184/47 49/183/47 45/182/47
f 43/190/48 57/189/48 55/188/48 42/187/48
f 57/194/49 58/193/49 53/192/49 55/191/49
f 58/198/50 44/197/50 41/196/50 53/195/50
f 58/202/51 57/201/51 43/200/51 44/199/51
f 60/206/52 59/205/52 52/204/52 56/203/52
f 47/210/53 54/209/53 56/208/53 46/207/53
f 59/214/54 61/213/54 51/212/54 52/211/54
f 61/218/55 62/217/55 54/216/55 51/215/55
f 62/222/56 60/221/56 56/220/56 54/219/56
f 62/226/57 61/225/57 59/224/57 60/223/57
o group354396859
g mesh354396859
usemtl mat18
f 66/230/58 65/229/58 64/228/58 63/227/58
f 70/234/59 69/233/59 68/232/59 67/231/59
f 66/238/60 70/237/60 67/236/60 65/235/60
f 74/242/61 73/241/61 72/240/61 71/239/61
f 66/248/62 75/247/62 74/246/62 71/245/62 69/244/62 70/243/62
f 65/254/63 67/253/63 68/252/63 72/251/63 73/250/63 76/249/63
f 76/258/64 73/257/64 74/256/64 75/255/64
f 65/262/65 76/261/65 77/260/65 64/259/65
f 76/266/66 75/265/66 78/264/66 77/263/66
f 75/270/67 66/269/67 63/268/67 78/267/67
f 63/274/68 64/273/68 77/272/68 78/271/68
f 69/278/69 71/277/69 80/276/69 79/275/69
f 71/282/70 72/281/70 81/280/70 80/279/70
f 72/286/71 68/285/71 82/284/71 81/283/71
f 68/290/72 69/289/72 79/288/72 82/287/72
f 79/294/73 80/293/73 81/292/73 82/291/73
f 86/298/74 85/297/74 84/296/74 83/295/74
f 90/302/75 89/301/75 88/300/75 87/299/75
f 86/306/76 90/305/76 91/304/76 85/303/76
f 95/310/77 94/309/77 93/308/77 92/307/77
f 90/313/78 86/312/78 83/311/78
f 84/316/79 85/315/79 91/314/79
f 84/319/80 94/318/80 96/317/80
f 84/323/81 91/322/81 97/321/81 93/320/81
f 84/326/82 93/325/82 94/324/82
f 90/329/83 83/328/83 95/327/83
f 90/333/84 95/332/84 92/331/84 89/330/84
f 94/337/85 95/336/85 98/335/85 96/334/85
f 95/340/86 83/339/86 99/338/86
f 83/344/87 84/343/87 100/342/87 99/341/87
f 100/348/88 96/347/88 98/346/88 99/345/88
f 96/351/89 100/350/89 84/349/89
f 99/354/90 98/353/90 95/352/90
f 89/358/91 92/357/91 93/356/91 97/355/91
f 89/362/92 97/361/92 101/360/92 88/359/92
f 97/366/93 91/365/93 102/364/93 101/363/93
f 91/370/94 90/369/94 87/368/94 102/367/94
f 87/374/95 88/373/95 101/372/95 102/371/95
f 106/378/96 105/377/96 104/376/96 103/375/96
f 110/382/97 109/381/97 108/380/97 107/379/97
f 106/386/98 110/385/98 107/384/98 105/383/98
f 114/390/99 113/389/99 112/388/99 111/387/99
f 110/393/100 106/392/100 115/391/100
f 105/400/101 107/399/101 108/398/101 117/397/101 112/396/101 113/395/101 116/394/101
f 116/404/102 113/403/102 114/402/102 115/401/102
f 110/407/103 115/406/103 114/405/103
f 110/412/104 114/411/104 111/410/104 118/409/104 109/408/104
f 105/416/105 116/415/105 119/414/105 104/413/105
f 116/420/106 115/419/106 120/418/106 119/417/106
f 115/424/107 106/423/107 103/422/107 120/421/107
f 103/428/108 104/427/108 119/426/108 120/425/108
f 118/432/109 111/431/109 122/430/109 121/429/109
f 109/436/110 118/435/110 117/434/110 108/433/110
f 111/440/111 112/439/111 123/438/111 122/437/111
f 112/444/112 117/443/112 124/442/112 123/441/112
f 117/448/113 118/447/113 121/446/113 124/445/113
f 121/452/114 122/451/114 123/450/114 124/449/114
o group2133846589
g mesh2133846589
usemtl mat18
f 128/456/115 127/455/115 126/454/115 125/453/115
f 132/460/116 131/459/116 130/458/116 129/457/116
f 128/464/117 132/463/117 129/462/117 127/461/117
f 136/468/118 135/467/118 134/466/118 133/465/118
f 128/474/119 137/473/119 136/472/119 133/471/119 131/470/119 132/469/119
f 127/480/120 129/479/120 130/478/120 134/477/120 135/476/120 138/475/120
f 138/484/121 135/483/121 136/482/121 137/481/121
f 127/488/122 138/487/122 139/486/122 126/485/122
f 138/492/123 137/491/123 140/490/123 139/489/123
f 137/496/124 128/495/124 125/494/124 140/493/124
f 125/500/125 126/499/125 139/498/125 140/497/125
f 131/504/126 133/503/126 142/502/126 141/501/126
f 133/508/127 134/507/127 143/506/127 142/505/127
f 134/512/128 130/511/128 144/510/128 143/509/128
f 130/516/129 131/515/129 141/514/129 144/513/129
f 141/520/130 142/519/130 143/518/130 144/517/130
f 148/524/131 147/523/131 146/522/131 145/521/131
f 152/528/132 151/527/132 150/526/132 149/525/132
f 148/532/133 152/531/133 153/530/133 147/529/133
f 157/536/134 156/535/134 155/534/134 154/533/134
f 152/539/135 148/538/135 145/537/135
f 146/542/136 147/541/136 153/540/136
f 146/545/137 156/544/137 158/543/137
f 146/549/138 153/548/138 159/547/138 155/546/138
f 146/552/139 155/551/139 156/550/139
f 152/555/140 145/554/140 157/553/140
f 152/559/141 157/558/141 154/557/141 151/556/141
f 156/563/142 157/562/142 160/561/142 158/560/142
f 157/566/143 145/565/143 161/564/143
f 145/570/144 146/569/144 162/568/144 161/567/144
f 162/574/145 158/573/145 160/572/145 161/571/145
f 158/577/146 162/576/146 146/575/146
f 161/580/147 160/579/147 157/578/147
f 151/584/148 154/583/148 155/582/148 159/581/148
f 151/588/149 159/587/149 163/586/149 150/585/149
f 159/592/150 153/591/150 164/590/150 163/589/150
f 153/596/151 152/595/151 149/594/151 164/593/151
f 149/600/152 150/599/152 163/598/152 164/597/152
f 168/604/153 167/603/153 166/602/153 165/601/153
f 172/608/154 171/607/154 170/606/154 169/605/154
f 168/612/155 172/611/155 169/610/155 167/609/155
f 176/616/156 175/615/156 174/614/156 173/613/156
f 172/619/157 168/618/157 177/617/157
f 167/626/158 169/625/158 170/624/158 179/623/158 174/622/158 175/621/158 178/620/158
f 178/630/159 175/629/159 176/628/159 177/627/159
f 172/633/160 177/632/160 176/631/160
f 172/638/161 176/637/161 173/636/161 180/635/161 171/634/161
f 167/642/162 178/641/162 181/640/162 166/639/162
f 178/646/163 177/645/163 182/644/163 181/643/163
f 177/650/164 168/649/164 165/648/164 182/647/164
f 165/654/165 166/653/165 181/652/165 182/651/165
f 180/658/166 173/657/166 184/656/166 183/655/166
f 171/662/167 180/661/167 179/660/167 170/659/167
f 173/666/168 174/665/168 185/664/168 184/663/168
f 174/670/169 179/669/169 186/668/169 185/667/169
f 179/674/170 180/673/170 183/672/170 186/671/170
f 183/678/171 184/677/171 185/676/171 186/675/171
o group977002837
g mesh977002837
usemtl mat18
f 190/682/172 189/681/172 188/680/172 187/679/172
f 194/686/173 193/685/173 192/684/173 191/683/173
f 188/690/174 194/689/174 191/688/174 187/687/174
f 192/694/175 193/693/175 189/692/175 190/691/175
f 191/697/176 190/696/176 187/695/176
f 189/700/177 194/699/177 188/698/177
f 191/703/178 192/702/178 190/701/178
f 189/706/179 193/705/179 194/704/179
f 198/710/180 197/709/180 196/708/180 195/707/180
f 202/714/181 201/713/181 200/712/181 199/711/181
f 196/718/182 202/717/182 199/716/182 195/715/182
f 200/722/183 201/721/183 197/720/183 198/719/183
f 199/725/184 200/724/184 198/723/184
f 197/728/185 201/727/185 202/726/185
f 198/731/186 195/730/186 199/729/186
f 202/734/187 196/733/187 197/732/187
o group474279194
g mesh474279194
usemtl mat18
f 206/738/188 205/737/188 204/736/188 203/735/188
f 210/742/189 209/741/189 208/740/189 207/739/189
f 204/746/190 210/745/190 207/744/190 203/743/190
f 208/750/191 209/749/191 205/748/191 206/747/191
f 207/753/192 208/752/192 206/751/192
f 205/756/193 209/755/193 210/754/193
f 206/759/194 203/758/194 207/757/194
f 210/762/195 204/761/195 205/760/195
f 214/766/196 213/765/196 212/764/196 211/763/196
f 218/770/197 217/769/197 216/768/197 215/767/197
f 212/774/198 218/773/198 215/772/198 211/771/198
f 216/778/199 217/777/199 213/776/199 214/775/199
f 215/781/200 214/780/200 211/779/200
f 213/784/201 218/783/201 212/782/201
f 215/787/202 216/786/202 214/785/202
f 213/790/203 217/789/203 218/788/203
o group170484009
g mesh170484009
usemtl mat19
f 222/794/204 221/793/204 220/792/204 219/791/204
f 226/798/205 225/797/205 224/796/205 223/795/205
f 220/802/206 226/801/206 223/800/206 219/799/206
f 224/806/207 225/805/207 221/804/207 222/803/207
f 223/810/208 224/809/208 222/808/208 219/807/208
f 221/814/209 225/813/209 226/812/209 220/811/209
f 230/818/210 229/817/210 228/816/210 227/815/210
f 229/822/211 232/821/211 231/820/211 228/819/211
f 232/826/212 234/825/212 233/824/212 231/823/212
f 234/830/213 236/829/213 235/828/213 233/827/213
f 236/834/214 238/833/214 237/832/214 235/831/214
f 238/838/215 240/837/215 239/836/215 237/835/215
f 240/842/216 242/841/216 241/840/216 239/839/216
f 242/846/217 244/845/217 243/844/217 241/843/217
f 244/850/218 246/849/218 245/848/218 243/847/218
f 246/854/219 230/853/219 227/852/219 245/851/219
f 246/864/220 244/863/220 242/862/220 240/861/220 238/860/220 236/859/220 234/858/220 232/857/220 229/856/220 230/855/220
f 256/874/221 255/873/221 254/872/221 253/871/221 252/870/221 251/869/221 250/868/221 249/867/221 248/866/221 247/865/221
f 258/878/222 257/877/222 243/876/222 245/875/222
f 257/882/223 259/881/223 241/880/223 243/879/223
f 259/886/224 260/885/224 239/884/224 241/883/224
f 260/890/225 261/889/225 237/888/225 239/887/225
f 261/894/226 262/893/226 235/892/226 237/891/226
f 262/898/227 263/897/227 233/896/227 235/895/227
f 263/902/228 264/901/228 231/900/228 233/899/228
f 264/906/229 265/905/229 228/904/229 231/903/229
f 265/910/230 266/909/230 227/908/230 228/907/230
f 266/914/231 258/913/231 245/912/231 227/911/231
f 268/918/232 267/917/232 257/916/232 258/915/232
f 267/922/233 269/921/233 259/920/233 257/919/233
f 269/926/234 270/925/234 260/924/234 259/923/234
f 270/930/235 271/929/235 261/928/235 260/927/235
f 271/934/236 272/933/236 262/932/236 261/931/236
f 272/938/237 273/937/237 263/936/237 262/935/237
f 273/942/238 274/941/238 264/940/238 263/939/238
f 274/946/239 275/945/239 265/944/239 264/943/239
f 275/950/240 276/949/240 266/948/240 265/947/240
f 276/954/241 268/953/241 258/952/241 266/951/241
f 278/958/242 277/957/242 267/956/242 268/955/242
f 277/962/243 279/961/243 269/960/243 267/959/243
f 279/966/244 280/965/244 270/964/244 269/963/244
f 280/970/245 281/969/245 271/968/245 270/967/245
f 281/974/246 282/973/246 272/972/246 271/971/246
f 282/978/247 283/977/247 273/976/247 272/975/247
f 283/982/248 284/981/248 274/980/248 273/979/248
f 284/986/249 285/985/249 275/984/249 274/983/249
f 285/990/250 286/989/250 276/988/250 275/987/250
f 286/994/251 278/993/251 268/992/251 276/991/251
f 247/998/252 248/997/252 277/996/252 278/995/252
f 248/1002/253 249/1001/253 279/1000/253 277/999/253
f 249/1006/254 250/1005/254 280/1004/254 279/1003/254
f 250/1010/255 251/1009/255 281/1008/255 280/1007/255
f 251/1014/256 252/1013/256 282/1012/256 281/1011/256
f 252/1018/257 253/1017/257 283/1016/257 282/1015/257
f 253/1022/258 254/1021/258 284/1020/258 283/1019/258
f 254/1026/259 255/1025/259 285/1024/259 284/1023/259
f 255/1030/260 256/1029/260 286/1028/260 285/1027/260
f 256/1034/261 247/1033/261 278/1032/261 286/1031/261
f 290/1038/262 289/1037/262 288/1036/262 287/1035/262
f 289/1042/263 292/1041/263 291/1040/263 288/1039/263
f 292/1046/264 294/1045/264 293/1044/264 291/1043/264
f 294/1050/265 296/1049/265 295/1048/265 293/1047/265
f 296/1054/266 298/1053/266 297/1052/266 295/1051/266
f 298/1058/267 300/1057/267 299/1056/267 297/1055/267
f 300/1062/268 302/1061/268 301/1060/268 299/1059/268
f 302/1066/269 304/1065/269 303/1064/269 301/1063/269
f 304/1070/270 306/1069/270 305/1068/270 303/1067/270
f 306/1074/271 290/1073/271 287/1072/271 305/1071/271
f 287/1084/272 288/1083/272 291/1082/272 293/1081/272 295/1080/272 297/1079/272 299/1078/272 301/1077/272 303/1076/272 305/1075/272
f 316/1094/273 315/1093/273 314/1092/273 313/1091/273 312/1090/273 311/1089/273 310/1088/273 309/1087/273 308/1086/273 307/1085/273
f 306/1098/274 304/1097/274 318/1096/274 317/1095/274
f 304/1102/275 302/1101/275 319/1100/275 318/1099/275
f 302/1106/276 300/1105/276 320/1104/276 319/1103/276
f 300/1110/277 298/1109/277 321/1108/277 320/1107/277
f 298/1114/278 296/1113/278 322/1112/278 321/1111/278
f 296/1118/279 294/1117/279 323/1116/279 322/1115/279
f 294/1122/280 292/1121/280 324/1120/280 323/1119/280
f 292/1126/281 289/1125/281 325/1124/281 324/1123/281
f 289/1130/282 290/1129/282 326/1128/282 325/1127/282
f 290/1134/283 306/1133/283 317/1132/283 326/1131/283
f 317/1138/284 318/1137/284 328/1136/284 327/1135/284
f 318/1142/285 319/1141/285 329/1140/285 328/1139/285
f 319/1146/286 320/1145/286 330/1144/286 329/1143/286
f 320/1150/287 321/1149/287 331/1148/287 330/1147/287
f 321/1154/288 322/1153/288 332/1152/288 331/1151/288
f 322/1158/289 323/1157/289 333/1156/289 332/1155/289
f 323/1162/290 324/1161/290 334/1160/290 333/1159/290
f 324/1166/291 325/1165/291 335/1164/291 334/1163/291
f 325/1170/292 326/1169/292 336/1168/292 335/1167/292
f 326/1174/293 317/1173/293 327/1172/293 336/1171/293
f 327/1178/294 328/1177/294 338/1176/294 337/1175/294
f 328/1182/295 329/1181/295 339/1180/295 338/1179/295
f 329/1186/296 330/1185/296 340/1184/296 339/1183/296
f 330/1190/297 331/1189/297 341/1188/297 340/1187/297
f 331/1194/298 332/1193/298 342/1192/298 341/1191/298
f 332/1198/299 333/1197/299 343/1196/299 342/1195/299
f 333/1202/300 334/1201/300 344/1200/300 343/1199/300
f 334/1206/301 335/1205/301 345/1204/301 344/1203/301
f 335/1210/302 336/1209/302 346/1208/302 345/1207/302
f 336/1214/303 327/1213/303 337/1212/303 346/1211/303
f 337/1218/304 338/1217/304 315/1216/304 316/1215/304
f 338/1222/305 339/1221/305 314/1220/305 315/1219/305
f 339/1226/306 340/1225/306 313/1224/306 314/1223/306
f 340/1230/307 341/1229/307 312/1228/307 313/1227/307
f 341/1234/308 342/1233/308 311/1232/308 312/1231/308
f 342/1238/309 343/1237/309 310/1236/309 311/1235/309
f 343/1242/310 344/1241/310 309/1240/310 310/1239/310
f 344/1246/311 345/1245/311 308/1244/311 309/1243/311
f 345/1250/312 346/1249/312 307/1248/312 308/1247/312
f 346/1254/313 337/1253/313 316/1252/313 307/1251/313
f 350/1258/314 349/1257/314 348/1256/314 347/1255/314
f 349/1262/315 352/1261/315 351/1260/315 348/1259/315
f 352/1266/316 354/1265/316 353/1264/316 351/1263/316
f 354/1270/317 356/1269/317 355/1268/317 353/1267/317
f 356/1274/318 358/1273/318 357/1272/318 355/1271/318
f 358/1278/319 360/1277/319 359/1276/319 357/1275/319
f 360/1282/320 362/1281/320 361/1280/320 359/1279/320
f 362/1286/321 364/1285/321 363/1284/321 361/1283/321
f 364/1290/322 366/1289/322 365/1288/322 363/1287/322
f 366/1294/323 350/1293/323 347/1292/323 365/1291/323
f 347/1304/324 348/1303/324 351/1302/324 353/1301/324 355/1300/324 357/1299/324 359/1298/324 361/1297/324 363/1296/324 365/1295/324
f 376/1314/325 375/1313/325 374/1312/325 373/1311/325 372/1310/325 371/1309/325 370/1308/325 369/1307/325 368/1306/325 367/1305/325
f 366/1318/326 364/1317/326 378/1316/326 377/1315/326
f 364/1322/327 362/1321/327 379/1320/327 378/1319/327
f 362/1326/328 360/1325/328 380/1324/328 379/1323/328
f 360/1330/329 358/1329/329 381/1328/329 380/1327/329
f 358/1334/330 356/1333/330 382/1332/330 381/1331/330
f 356/1338/331 354/1337/331 383/1336/331 382/1335/331
f 354/1342/332 352/1341/332 384/1340/332 383/1339/332
f 352/1346/333 349/1345/333 385/1344/333 384/1343/333
f 349/1350/334 350/1349/334 386/1348/334 385/1347/334
f 350/1354/335 366/1353/335 377/1352/335 386/1351/335
f 377/1358/336 378/1357/336 388/1356/336 387/1355/336
f 378/1362/337 379/1361/337 389/1360/337 388/1359/337
f 379/1366/338 380/1365/338 390/1364/338 389/1363/338
f 380/1370/339 381/1369/339 391/1368/339 390/1367/339
f 381/1374/340 382/1373/340 392/1372/340 391/1371/340
f 382/1378/341 383/1377/341 393/1376/341 392/1375/341
f 383/1382/342 384/1381/342 394/1380/342 393/1379/342
f 384/1386/343 385/1385/343 395/1384/343 394/1383/343
f 385/1390/344 386/1389/344 396/1388/344 395/1387/344
f 386/1394/345 377/1393/345 387/1392/345 396/1391/345
f 387/1398/346 388/1397/346 398/1396/346 397/1395/346
f 388/1402/347 389/1401/347 399/1400/347 398/1399/347
f 389/1406/348 390/1405/348 400/1404/348 399/1403/348
f 390/1410/349 391/1409/349 401/1408/349 400/1407/349
f 391/1414/350 392/1413/350 402/1412/350 401/1411/350
f 392/1418/351 393/1417/351 403/1416/351 402/1415/351
f 393/1422/352 394/1421/352 404/1420/352 403/1419/352
f 394/1426/353 395/1425/353 405/1424/353 404/1423/353
f 395/1430/354 396/1429/354 406/1428/354 405/1427/354
f 396/1434/355 387/1433/355 397/1432/355 406/1431/355
f 397/1438/356 398/1437/356 375/1436/356 376/1435/356
f 398/1442/357 399/1441/357 374/1440/357 375/1439/357
f 399/1446/358 400/1445/358 373/1444/358 374/1443/358
f 400/1450/359 401/1449/359 372/1448/359 373/1447/359
f 401/1454/360 402/1453/360 371/1452/360 372/1451/360
f 402/1458/361 403/1457/361 370/1456/361 371/1455/361
f 403/1462/362 404/1461/362 369/1460/362 370/1459/362
f 404/1466/363 405/1465/363 368/1464/363 369/1463/363
f 405/1470/364 406/1469/364 367/1468/364 368/1467/364
f 406/1474/365 397/1473/365 376/1472/365 367/1471/365
f 410/1478/366 409/1477/366 408/1476/366 407/1475/366
f 409/1482/367 412/1481/367 411/1480/367 408/1479/367
f 412/1486/368 414/1485/368 413/1484/368 411/1483/368
f 414/1490/369 416/1489/369 415/1488/369 413/1487/369
f 416/1494/370 418/1493/370 417/1492/370 415/1491/370
f 418/1498/371 420/1497/371 419/1496/371 417/1495/371
f 420/1502/372 422/1501/372 421/1500/372 419/1499/372
f 422/1506/373 424/1505/373 423/1504/373 421/1503/373
f 424/1510/374 426/1509/374 425/1508/374 423/1507/374
f 426/1514/375 410/1513/375 407/1512/375 425/1511/375
f 426/1524/376 424/1523/376 422/1522/376 420/1521/376 418/1520/376 416/1519/376 414/1518/376 412/1517/376 409/1516/376 410/1515/376
f 436/1534/377 435/1533/377 434/1532/377 433/1531/377 432/1530/377 431/1529/377 430/1528/377 429/1527/377 428/1526/377 427/1525/377
f 438/1538/378 437/1537/378 423/1536/378 425/1535/378
f 437/1542/379 439/1541/379 421/1540/379 423/1539/379
f 439/1546/380 440/1545/380 419/1544/380 421/1543/380
f 440/1550/381 441/1549/381 417/1548/381 419/1547/381
f 441/1554/382 442/1553/382 415/1552/382 417/1551/382
f 442/1558/383 443/1557/383 413/1556/383 415/1555/383
f 443/1562/384 444/1561/384 411/1560/384 413/1559/384
f 444/1566/385 445/1565/385 408/1564/385 411/1563/385
f 445/1570/386 446/1569/386 407/1568/386 408/1567/386
f 446/1574/387 438/1573/387 425/1572/387 407/1571/387
f 448/1578/388 447/1577/388 437/1576/388 438/1575/388
f 447/1582/389 449/1581/389 439/1580/389 437/1579/389
f 449/1586/390 450/1585/390 440/1584/390 439/1583/390
f 450/1590/391 451/1589/391 441/1588/391 440/1587/391
f 451/1594/392 452/1593/392 442/1592/392 441/1591/392
f 452/1598/393 453/1597/393 443/1596/393 442/1595/393
f 453/1602/394 454/1601/394 444/1600/394 443/1599/394
f 454/1606/395 455/1605/395 445/1604/395 444/1603/395
f 455/1610/396 456/1609/396 446/1608/396 445/1607/396
f 456/1614/397 448/1613/397 438/1612/397 446/1611/397
f 458/1618/398 457/1617/398 447/1616/398 448/1615/398
f 457/1622/399 459/1621/399 449/1620/399 447/1619/399
f 459/1626/400 460/1625/400 450/1624/400 449/1623/400
f 460/1630/401 461/1629/401 451/1628/401 450/1627/401
f 461/1634/402 462/1633/402 452/1632/402 451/1631/402
f 462/1638/403 463/1637/403 453/1636/403 452/1635/403
f 463/1642/404 464/1641/404 454/1640/404 453/1639/404
f 464/1646/405 465/1645/405 455/1644/405 454/1643/405
f 465/1650/406 466/1649/406 456/1648/406 455/1647/406
f 466/1654/407 458/1653/407 448/1652/407 456/1651/407
f 427/1658/408 428/1657/408 457/1656/408 458/1655/408
f 428/1662/409 429/1661/409 459/1660/409 457/1659/409
f 429/1666/410 430/1665/410 460/1664/410 459/1663/410
f 430/1670/411 431/1669/411 461/1668/411 460/1667/411
f 431/1674/412 432/1673/412 462/1672/412 461/1671/412
f 432/1678/413 433/1677/413 463/1676/413 462/1675/413
f 433/1682/414 434/1681/414 464/1680/414 463/1679/414
f 434/1686/415 435/1685/415 465/1684/415 464/1683/415
f 435/1690/416 436/1689/416 466/1688/416 465/1687/416
f 436/1694/417 427/1693/417 458/1692/417 466/1691/417
f 470/1698/418 469/1697/418 468/1696/418 467/1695/418
f 474/1702/419 473/1701/419 472/1700/419 471/1699/419
f 468/1706/420 474/1705/420 471/1704/420 467/1703/420
f 472/1710/421 473/1709/421 469/1708/421 470/1707/421
f 476/1714/422 475/1713/422 470/1712/422 467/1711/422
f 477/1717/423 474/1716/423 468/1715/423
f 478/1720/424 473/1719/424 474/1718/424
f 479/1723/425 469/1722/425 473/1721/425
f 479/1726/426 468/1725/426 469/1724/426
f 482/1730/427 481/1729/427 477/1728/427 480/1727/427
f 468/1733/428 480/1732/428 477/1731/428
f 479/1736/429 480/1735/429 468/1734/429
f 474/1739/430 477/1738/430 478/1737/430
f 473/1742/431 478/1741/431 479/1740/431
f 481/1746/432 483/1745/432 478/1744/432 477/1743/432
f 483/1750/433 484/1749/433 479/1748/433 478/1747/433
f 484/1754/434 482/1753/434 480/1752/434 479/1751/434
f 486/1758/435 485/1757/435 481/1756/435 482/1755/435
f 485/1762/436 487/1761/436 483/1760/436 481/1759/436
f 487/1766/437 488/1765/437 484/1764/437 483/1763/437
f 488/1770/438 486/1769/438 482/1768/438 484/1767/438
f 488/1774/439 487/1773/439 485/1772/439 486/1771/439
f 475/1778/440 489/1777/440 472/1776/440 470/1775/440
f 489/1782/441 490/1781/441 471/1780/441 472/1779/441
f 490/1786/442 476/1785/442 467/1784/442 471/1783/442
f 491/1789/443 475/1788/443 476/1787/443
f 492/1792/444 489/1791/444 475/1790/444
f 493/1795/445 490/1794/445 489/1793/445
f 493/1798/446 476/1797/446 490/1796/446
f 496/1802/447 495/1801/447 491/1800/447 494/1799/447
f 476/1805/448 494/1804/448 491/1803/448
f 493/1808/449 494/1807/449 476/1806/449
f 475/1811/450 491/1810/450 492/1809/450
f 489/1814/451 492/1813/451 493/1812/451
f 497/1817/452 492/1816/452 491/1815/452
f 497/1821/453 498/1820/453 493/1819/453 492/1818/453
f 498/1824/454 494/1823/454 493/1822/454
f 498/1828/455 497/1827/455 495/1826/455 496/1825/455
f 498/1831/456 496/1830/456 494/1829/456
f 491/1834/457 495/1833/457 497/1832/457
o group526615061
g mesh526615061
usemtl mat19
f 502/1838/458 501/1837/458 500/1836/458 499/1835/458
f 506/1842/459 505/1841/459 504/1840/459 503/1839/459
f 500/1846/460 506/1845/460 503/1844/460 499/1843/460
f 504/1850/461 505/1849/461 501/1848/461 502/1847/461
f 503/1854/462 504/1853/462 502/1852/462 499/1851/462
f 501/1858/463 505/1857/463 506/1856/463 500/1855/463
f 510/1862/464 509/1861/464 508/1860/464 507/1859/464
f 509/1866/465 512/1865/465 511/1864/465 508/1863/465
f 512/1870/466 514/1869/466 513/1868/466 511/1867/466
f 514/1874/467 516/1873/467 515/1872/467 513/1871/467
f 516/1878/468 518/1877/468 517/1876/468 515/1875/468
f 518/1882/469 520/1881/469 519/1880/469 517/1879/469
f 520/1886/470 522/1885/470 521/1884/470 519/1883/470
f 522/1890/471 524/1889/471 523/1888/471 521/1887/471
f 524/1894/472 526/1893/472 525/1892/472 523/1891/472
f 526/1898/473 510/1897/473 507/1896/473 525/1895/473
f 507/1908/474 508/1907/474 511/1906/474 513/1905/474 515/1904/474 517/1903/474 519/1902/474 521/1901/474 523/1900/474 525/1899/474
f 536/1918/475 535/1917/475 534/1916/475 533/1915/475 532/1914/475 531/1913/475 530/1912/475 529/1911/475 528/1910/475 527/1909/475
f 526/1922/476 524/1921/476 538/1920/476 537/1919/476
f 524/1926/477 522/1925/477 539/1924/477 538/1923/477
f 522/1930/478 520/1929/478 540/1928/478 539/1927/478
f 520/1934/479 518/1933/479 541/1932/479 540/1931/479
f 518/1938/480 516/1937/480 542/1936/480 541/1935/480
f 516/1942/481 514/1941/481 543/1940/481 542/1939/481
f 514/1946/482 512/1945/482 544/1944/482 543/1943/482
f 512/1950/483 509/1949/483 545/1948/483 544/1947/483
f 509/1954/484 510/1953/484 546/1952/484 545/1951/484
f 510/1958/485 526/1957/485 537/1956/485 546/1955/485
f 537/1962/486 538/1961/486 548/1960/486 547/1959/486
f 538/1966/487 539/1965/487 549/1964/487 548/1963/487
f 539/1970/488 540/1969/488 550/1968/488 549/1967/488
f 540/1974/489 541/1973/489 551/1972/489 550/1971/489
f 541/1978/490 542/1977/490 552/1976/490 551/1975/490
f 542/1982/491 543/1981/491 553/1980/491 552/1979/491
f 543/1986/492 544/1985/492 554/1984/492 553/1983/492
f 544/1990/493 545/1989/493 555/1988/493 554/1987/493
f 545/1994/494 546/1993/494 556/1992/494 555/1991/494
f 546/1998/495 537/1997/495 547/1996/495 556/1995/495
f 547/2002/496 548/2001/496 558/2000/496 557/1999/496
f 548/2006/497 549/2005/497 559/2004/497 558/2003/497
f 549/2010/498 550/2009/498 560/2008/498 559/2007/498
f 550/2014/499 551/2013/499 561/2012/499 560/2011/499
f 551/2018/500 552/2017/500 562/2016/500 561/2015/500
f 552/2022/501 553/2021/501 563/2020/501 562/2019/501
f 553/2026/502 554/2025/502 564/2024/502 563/2023/502
f 554/2030/503 555/2029/503 565/2028/503 564/2027/503
f 555/2034/504 556/2033/504 566/2032/504 565/2031/504
f 556/2038/505 547/2037/505 557/2036/505 566/2035/505
f 557/2042/506 558/2041/506 535/2040/506 536/2039/506
f 558/2046/507 559/2045/507 534/2044/507 535/2043/507
f 559/2050/508 560/2049/508 533/2048/508 534/2047/508
f 560/2054/509 561/2053/509 532/2052/509 533/2051/509
f 561/2058/510 562/2057/510 531/2056/510 532/2055/510
f 562/2062/511 563/2061/511 530/2060/511 531/2059/511
f 563/2066/512 564/2065/512 529/2064/512 530/2063/512
f 564/2070/513 565/2069/513 528/2068/513 529/2067/513
f 565/2074/514 566/2073/514 527/2072/514 528/2071/514
f 566/2078/515 557/2077/515 536/2076/515 527/2075/515
f 570/2082/516 569/2081/516 568/2080/516 567/2079/516
f 569/2086/517 572/2085/517 571/2084/517 568/2083/517
f 572/2090/518 574/2089/518 573/2088/518 571/2087/518
f 574/2094/519 576/2093/519 575/2092/519 573/2091/519
f 576/2098/520 578/2097/520 577/2096/520 575/2095/520
f 578/2102/521 580/2101/521 579/2100/521 577/2099/521
f 580/2106/522 582/2105/522 581/2104/522 579/2103/522
f 582/2110/523 584/2109/523 583/2108/523 581/2107/523
f 584/2114/524 586/2113/524 585/2112/524 583/2111/524
f 586/2118/525 570/2117/525 567/2116/525 585/2115/525
f 567/2128/526 568/2127/526 571/2126/526 573/2125/526 575/2124/526 577/2123/526 579/2122/526 581/2121/526 583/2120/526 585/2119/526
f 596/2138/527 595/2137/527 594/2136/527 593/2135/527 592/2134/527 591/2133/527 590/2132/527 589/2131/527 588/2130/527 587/2129/527
f 586/2142/528 584/2141/528 598/2140/528 597/2139/528
f 584/2146/529 582/2145/529 599/2144/529 598/2143/529
f 582/2150/530 580/2149/530 600/2148/530 599/2147/530
f 580/2154/531 578/2153/531 601/2152/531 600/2151/531
f 578/2158/532 576/2157/532 602/2156/532 601/2155/532
f 576/2162/533 574/2161/533 603/2160/533 602/2159/533
f 574/2166/534 572/2165/534 604/2164/534 603/2163/534
f 572/2170/535 569/2169/535 605/2168/535 604/2167/535
f 569/2174/536 570/2173/536 606/2172/536 605/2171/536
f 570/2178/537 586/2177/537 597/2176/537 606/2175/537
f 597/2182/538 598/2181/538 608/2180/538 607/2179/538
f 598/2186/539 599/2185/539 609/2184/539 608/2183/539
f 599/2190/540 600/2189/540 610/2188/540 609/2187/540
f 600/2194/541 601/2193/541 611/2192/541 610/2191/541
f 601/2198/542 602/2197/542 612/2196/542 611/2195/542
f 602/2202/543 603/2201/543 613/2200/543 612/2199/543
f 603/2206/544 604/2205/544 614/2204/544 613/2203/544
f 604/2210/545 605/2209/545 615/2208/545 614/2207/545
f 605/2214/546 606/2213/546 616/2212/546 615/2211/546
f 606/2218/547 597/2217/547 607/2216/547 616/2215/547
f 607/2222/548 608/2221/548 618/2220/548 617/2219/548
f 608/2226/549 609/2225/549 619/2224/549 618/2223/549
f 609/2230/550 610/2229/550 620/2228/550 619/2227/550
f 610/2234/551 611/2233/551 621/2232/551 620/2231/551
f 611/2238/552 612/2237/552 622/2236/552 621/2235/552
f 612/2242/553 613/2241/553 623/2240/553 622/2239/553
f 613/2246/554 614/2245/554 624/2244/554 623/2243/554
f 614/2250/555 615/2249/555 625/2248/555 624/2247/555
f 615/2254/556 616/2253/556 626/2252/556 625/2251/556
f 616/2258/557 607/2257/557 617/2256/557 626/2255/557
f 617/2262/558 618/2261/558 595/2260/558 596/2259/558
f 618/2266/559 619/2265/559 594/2264/559 595/2263/559
f 619/2270/560 620/2269/560 593/2268/560 594/2267/560
f 620/2274/561 621/2273/561 592/2272/561 593/2271/561
f 621/2278/562 622/2277/562 591/2276/562 592/2275/562
f 622/2282/563 623/2281/563 590/2280/563 591/2279/563
f 623/2286/564 624/2285/564 589/2284/564 590/2283/564
f 624/2290/565 625/2289/565 588/2288/565 589/2287/565
f 625/2294/566 626/2293/566 587/2292/566 588/2291/566
f 626/2298/567 617/2297/567 596/2296/567 587/2295/567
f 630/2302/568 629/2301/568 628/2300/568 627/2299/568
f 629/2306/569 632/2305/569 631/2304/569 628/2303/569
f 632/2310/570 634/2309/570 633/2308/570 631/2307/570
f 634/2314/571 636/2313/571 635/2312/571 633/2311/571
f 636/2318/572 638/2317/572 637/2316/572 635/2315/572
f 638/2322/573 640/2321/573 639/2320/573 637/2319/573
f 640/2326/574 642/2325/574 641/2324/574 639/2323/574
f 642/2330/575 644/2329/575 643/2328/575 641/2327/575
f 644/2334/576 646/2333/576 645/2332/576 643/2331/576
f 646/2338/577 630/2337/577 627/2336/577 645/2335/577
f 646/2348/578 644/2347/578 642/2346/578 640/2345/578 638/2344/578 636/2343/578 634/2342/578 632/2341/578 629/2340/578 630/2339/578
f 656/2358/579 655/2357/579 654/2356/579 653/2355/579 652/2354/579 651/2353/579 650/2352/579 649/2351/579 648/2350/579 647/2349/579
f 658/2362/580 657/2361/580 643/2360/580 645/2359/580
f 657/2366/581 659/2365/581 641/2364/581 643/2363/581
f 659/2370/582 660/2369/582 639/2368/582 641/2367/582
f 660/2374/583 661/2373/583 637/2372/583 639/2371/583
f 661/2378/584 662/2377/584 635/2376/584 637/2375/584
f 662/2382/585 663/2381/585 633/2380/585 635/2379/585
f 663/2386/586 664/2385/586 631/2384/586 633/2383/586
f 664/2390/587 665/2389/587 628/2388/587 631/2387/587
f 665/2394/588 666/2393/588 627/2392/588 628/2391/588
f 666/2398/589 658/2397/589 645/2396/589 627/2395/589
f 668/2402/590 667/2401/590 657/2400/590 658/2399/590
f 667/2406/591 669/2405/591 659/2404/591 657/2403/591
f 669/2410/592 670/2409/592 660/2408/592 659/2407/592
f 670/2414/593 671/2413/593 661/2412/593 660/2411/593
f 671/2418/594 672/2417/594 662/2416/594 661/2415/594
f 672/2422/595 673/2421/595 663/2420/595 662/2419/595
f 673/2426/596 674/2425/596 664/2424/596 663/2423/596
f 674/2430/597 675/2429/597 665/2428/597 664/2427/597
f 675/2434/598 676/2433/598 666/2432/598 665/2431/598
f 676/2438/599 668/2437/599 658/2436/599 666/2435/599
f 678/2442/600 677/2441/600 667/2440/600 668/2439/600
f 677/2446/601 679/2445/601 669/2444/601 667/2443/601
f 679/2450/602 680/2449/602 670/2448/602 669/2447/602
f 680/2454/603 681/2453/603 671/2452/603 670/2451/603
f 681/2458/604 682/2457/604 672/2456/604 671/2455/604
f 682/2462/605 683/2461/605 673/2460/605 672/2459/605
f 683/2466/606 684/2465/606 674/2464/606 673/2463/606
f 684/2470/607 685/2469/607 675/2468/607 674/2467/607
f 685/2474/608 686/2473/608 676/2472/608 675/2471/608
f 686/2478/609 678/2477/609 668/2476/609 676/2475/609
f 647/2482/610 648/2481/610 677/2480/610 678/2479/610
f 648/2486/611 649/2485/611 679/2484/611 677/2483/611
f 649/2490/612 650/2489/612 680/2488/612 679/2487/612
f 650/2494/613 651/2493/613 681/2492/613 680/2491/613
f 651/2498/614 652/2497/614 682/2496/614 681/2495/614
f 652/2502/615 653/2501/615 683/2500/615 682/2499/615
f 653/2506/616 654/2505/616 684/2504/616 683/2503/616
f 654/2510/617 655/2509/617 685/2508/617 684/2507/617
f 655/2514/618 656/2513/618 686/2512/618 685/2511/618
f 656/2518/619 647/2517/619 678/2516/619 686/2515/619
f 690/2522/620 689/2521/620 688/2520/620 687/2519/620
f 689/2526/621 692/2525/621 691/2524/621 688/2523/621
f 692/2530/622 694/2529/622 693/2528/622 691/2527/622
f 694/2534/623 696/2533/623 695/2532/623 693/2531/623
f 696/2538/624 698/2537/624 697/2536/624 695/2535/624
f 698/2542/625 700/2541/625 699/2540/625 697/2539/625
f 700/2546/626 702/2545/626 701/2544/626 699/2543/626
f 702/2550/627 704/2549/627 703/2548/627 701/2547/627
f 704/2554/628 706/2553/628 705/2552/628 703/2551/628
f 706/2558/629 690/2557/629 687/2556/629 705/2555/629
f 706/2568/630 704/2567/630 702/2566/630 700/2565/630 698/2564/630 696/2563/630 694/2562/630 692/2561/630 689/2560/630 690/2559/630
f 716/2578/631 715/2577/631 714/2576/631 713/2575/631 712/2574/631 711/2573/631 710/2572/631 709/2571/631 708/2570/631 707/2569/631
f 718/2582/632 717/2581/632 703/2580/632 705/2579/632
f 717/2586/633 719/2585/633 701/2584/633 703/2583/633
f 719/2590/634 720/2589/634 699/2588/634 701/2587/634
f 720/2594/635 721/2593/635 697/2592/635 699/2591/635
f 721/2598/636 722/2597/636 695/2596/636 697/2595/636
f 722/2602/637 723/2601/637 693/2600/637 695/2599/637
f 723/2606/638 724/2605/638 691/2604/638 693/2603/638
f 724/2610/639 725/2609/639 688/2608/639 691/2607/639
f 725/2614/640 726/2613/640 687/2612/640 688/2611/640
f 726/2618/641 718/2617/641 705/2616/641 687/2615/641
f 728/2622/642 727/2621/642 717/2620/642 718/2619/642
f 727/2626/643 729/2625/643 719/2624/643 717/2623/643
f 729/2630/644 730/2629/644 720/2628/644 719/2627/644
f 730/2634/645 731/2633/645 721/2632/645 720/2631/645
f 731/2638/646 732/2637/646 722/2636/646 721/2635/646
f 732/2642/647 733/2641/647 723/2640/647 722/2639/647
f 733/2646/648 734/2645/648 724/2644/648 723/2643/648
f 734/2650/649 735/2649/649 725/2648/649 724/2647/649
f 735/2654/650 736/2653/650 726/2652/650 725/2651/650
f 736/2658/651 728/2657/651 718/2656/651 726/2655/651
f 738/2662/652 737/2661/652 727/2660/652 728/2659/652
f 737/2666/653 739/2665/653 729/2664/653 727/2663/653
f 739/2670/654 740/2669/654 730/2668/654 729/2667/654
f 740/2674/655 741/2673/655 731/2672/655 730/2671/655
f 741/2678/656 742/2677/656 732/2676/656 731/2675/656
f 742/2682/657 743/2681/657 733/2680/657 732/2679/657
f 743/2686/658 744/2685/658 734/2684/658 733/2683/658
f 744/2690/659 745/2689/659 735/2688/659 734/2687/659
f 745/2694/660 746/2693/660 736/2692/660 735/2691/660
f 746/2698/661 738/2697/661 728/2696/661 736/2695/661
f 707/2702/662 708/2701/662 737/2700/662 738/2699/662
f 708/2706/663 709/2705/663 739/2704/663 737/2703/663
f 709/2710/664 710/2709/664 740/2708/664 739/2707/664
f 710/2714/665 711/2713/665 741/2712/665 740/2711/665
f 711/2718/666 712/2717/666 742/2716/666 741/2715/666
f 712/2722/667 713/2721/667 743/2720/667 742/2719/667
f 713/2726/668 714/2725/668 744/2724/668 743/2723/668
f 714/2730/669 715/2729/669 745/2728/669 744/2727/669
f 715/2734/670 716/2733/670 746/2732/670 745/2731/670
f 716/2738/671 707/2737/671 738/2736/671 746/2735/671
f 750/2742/672 749/2741/672 748/2740/672 747/2739/672
f 754/2746/673 753/2745/673 752/2744/673 751/2743/673
f 748/2750/674 754/2749/674 751/2748/674 747/2747/674
f 752/2754/675 753/2753/675 749/2752/675 750/2751/675
f 756/2758/676 755/2757/676 750/2756/676 747/2755/676
f 757/2761/677 754/2760/677 748/2759/677
f 758/2764/678 753/2763/678 754/2762/678
f 759/2767/679 749/2766/679 753/2765/679
f 759/2770/680 748/2769/680 749/2768/680
f 762/2774/681 761/2773/681 757/2772/681 760/2771/681
f 748/2777/682 760/2776/682 757/2775/682
f 759/2780/683 760/2779/683 748/2778/683
f 754/2783/684 757/2782/684 758/2781/684
f 753/2786/685 758/2785/685 759/2784/685
f 761/2790/686 763/2789/686 758/2788/686 757/2787/686
f 763/2794/687 764/2793/687 759/2792/687 758/2791/687
f 764/2798/688 762/2797/688 760/2796/688 759/2795/688
f 766/2802/689 765/2801/689 761/2800/689 762/2799/689
f 765/2806/690 767/2805/690 763/2804/690 761/2803/690
f 767/2810/691 768/2809/691 764/2808/691 763/2807/691
f 768/2814/692 766/2813/692 762/2812/692 764/2811/692
f 768/2818/693 767/2817/693 765/2816/693 766/2815/693
f 755/2822/694 769/2821/694 752/2820/694 750/2819/694
f 769/2826/695 770/2825/695 751/2824/695 752/2823/695
f 770/2830/696 756/2829/696 747/2828/696 751/2827/696
f 771/2833/697 755/2832/697 756/2831/697
f 772/2836/698 769/2835/698 755/2834/698
f 773/2839/699 770/2838/699 769/2837/699
f 773/2842/700 756/2841/700 770/2840/700
f 776/2846/701 775/2845/701 771/2844/701 774/2843/701
f 756/2849/702 774/2848/702 771/2847/702
f 773/2852/703 774/2851/703 756/2850/703
f 755/2855/704 771/2854/704 772/2853/704
f 769/2858/705 772/2857/705 773/2856/705
f 777/2861/706 772/2860/706 771/2859/706
f 777/2865/707 778/2864/707 773/2863/707 772/2862/707
f 778/2868/708 774/2867/708 773/2866/708
f 778/2872/709 777/2871/709 775/2870/709 776/2869/709
f 778/2875/710 776/2874/710 774/2873/710
f 771/2878/711 775/2877/711 777/2876/711
